Age,Height,Weight,BMI,Waist_Circumference,Hip_Circumference,Visceral_Fat,SBP,DBP,FBS,Insulin,Total_Cholesterol,LDL_C,HDL_C,Triglycerides,Smoking,Exercise,Family_History,HOMA_IR,Non_HDL,VLDL,LDL_HDL_Ratio,TC_HDL_Ratio,Waist_to_Height,Waist_to_Hip,Cluster_ID,Cluster_Name
30.850142459033695,163.79552917056836,91.0316883838868,32.52725959566022,112.7808057347936,119.10833973841652,13.213934260796554,124.5226415370949,80.01823846973699,145.22509337908843,22.345620254666027,4.991484083409514,2.7023508409622465,1.232817279005333,1.1899416982448394,0,0,0,8.012703180487714,3.7586668044041804,0.5408825901112906,2.1920124636333527,4.048843383698162,0.6885463010247941,0.9468758105644044,0,Cụm 1: Trẻ tuổi - Béo phì & Kháng Insulin
28.945207096486445,165.95814375144707,93.68171412074392,32.9873644346232,121.19134739369848,123.4270710171297,12.603916602771012,129.1917629767549,85.48132708938579,137.59725682385803,23.442846913205624,4.729232571648137,2.8535842475041022,1.1018535433736996,1.9778646914635885,0,1,1,7.964620808391955,3.627379028274438,0.8990294052107219,2.589803576586851,4.2920700306212956,0.7302524880924486,0.9818862782288583,0,Cụm 1: Trẻ tuổi - Béo phì & Kháng Insulin
31.30306561430208,163.7880537143942,96.88409315701782,35.11310317655311,111.89673662326608,111.76856706175508,12.44098268444937,128.761939233007,81.89498006683412,119.73441023832191,25.29061919645424,4.723811578870474,3.073879436282688,1.17689109781725,1.8148600301803215,1,0,0,7.4769317877763735,3.546920481053224,0.8249363773546915,2.6118639540937423,4.013805175034127,0.683180086005456,1.0011467406703012,0,Cụm 1: Trẻ tuổi - Béo phì & Kháng Insulin
33.929089569224075,180.96594729156257,100.1055016356118,34.23312666448953,113.62541569816764,118.9370354341292,12.529427658041472,123.3566336597622,77.89789327724743,126.98036148993624,19.642954566509832,5.184571898195517,2.780882634158808,1.1515110880938153,1.402706086973824,0,0,1,6.158690053298303,4.033060810101702,0.6375936758971926,2.414985546306998,4.502407273192598,0.6278828553037136,0.9553409102843892,0,Cụm 1: Trẻ tuổi - Béo phì & Kháng Insulin
28.65753987582999,167.90551942683447,92.83190481077354,32.94535969434944,112.44850880603164,119.23803117699369,13.415877948703072,130.1100431215673,79.16643701759011,139.23837804430636,26.384652313476064,5.088895722145812,2.703333881330071,1.1617211318258598,1.0917163677272803,0,0,0,9.07100294664534,3.927174590319953,0.4962347126033092,2.3270075814849656,4.3804796028352095,0.6697129980591945,0.9430590869042121,0,Cụm 1: Trẻ tuổi - Béo phì & Kháng Insulin
28.65758912915246,160.5960234973087,94.29948111668092,34.50990114967004,108.47962686833164,121.32579148710924,13.917782369779973,131.02353036865705,84.04859212127137,125.41631374066854,18.214409965118527,5.084728372600225,3.023106163447574,1.057238825937344,1.858468093541353,0,0,0,5.640454703176457,4.02748954666288,0.8447582243369786,2.859435436233908,4.809441582976413,0.6754814005102036,0.8941184354841608,0,Cụm 1: Trẻ tuổi - Béo phì & Kháng Insulin
34.097638446522176,173.75781438472234,89.69610112996985,33.88561632402206,116.56987985080256,113.25069715648766,13.84042895919602,133.37373059428876,79.11371678899002,133.4767359970236,21.815015374092365,5.256917582504016,3.023489971332617,1.152941220911073,1.4913650386868456,1,0,1,7.189622340391945,4.103976361592943,0.6778931994031115,2.622414669971992,4.55957119682989,0.670875610766499,1.0293082760429149,0,Cụm 1: Trẻ tuổi - Béo phì & Kháng Insulin
31.662304187458727,159.45409445020283,89.24674287959664,35.192967485799336,115.2017656144037,112.9166735476629,14.501019898843229,133.24210923415706,82.42760506353692,135.79243837400537,23.295219977132685,4.807351344571466,2.797917047388661,1.2097597949494538,1.8294540779933652,0,0,1,7.810653637416516,3.5975915496220123,0.8315700354515296,2.312787264934328,3.973806506582017,0.7224760581508991,1.0202369764796184,0,Cụm 1: Trẻ tuổi - Béo phì & Kháng Insulin
27.951576842195145,169.4620451650333,99.29040511197098,32.68692035918397,115.33861181465066,120.2862662624676,13.524002270253488,122.30048784419309,81.82950143966335,123.88148669895342,22.6805692996336,5.038683539953238,2.8086885083145035,1.3241372329354049,1.1213930853014082,0,0,0,6.937537392635188,3.7145463070178337,0.5097241296824583,2.1211460855066213,3.80525780457307,0.6806161916807173,0.9588676695889701,0,Cụm 1: Trẻ tuổi - Béo phì & Kháng Insulin
30.98768013075789,154.28230913284156,102.00897614285412,33.24850678010335,109.3871439082184,119.38643869293274,15.25264089258878,124.27978732038194,79.38939878337965,129.9533225075674,20.873186524522342,4.691406635192291,3.019614981207291,1.2651124991302247,1.370156244261557,0,0,0,6.697629481930524,3.426294136062067,0.6227982928461622,2.386835149667165,3.708292059731978,0.7090063956330398,0.9162442996525513,0,Cụm 1: Trẻ tuổi - Béo phì & Kháng Insulin
27.969746921562614,158.70269765771098,94.86772539209832,33.15183777030177,117.47978008827634,119.2004714013835,13.190811800114451,130.81765870243896,89.17380431263864,107.6811286195165,21.70234106344898,4.913458223370956,2.515574697550803,1.4083818949013869,1.5213109249295458,0,0,1,5.770203899747813,3.5050763284695687,0.6915049658770662,1.7861452967108329,3.4887257789656476,0.7402506814449746,0.9855647272793656,0,Cụm 1: Trẻ tuổi - Béo phì & Kháng Insulin
27.962810739289228,169.37802865108387,100.24544048946012,31.544727577801822,107.66352128022702,119.5842928379879,16.77260299990754,130.81203677910494,83.88871657811305,123.19928651065996,21.132583694845867,4.754449930971311,2.5277608676870336,1.057918292453434,1.5317451484411857,0,0,1,6.428442551436585,3.696531638517877,0.6962477947459934,2.389372492865083,4.494156084535787,0.6356404200571505,0.9003149052868417,0,Cụm 1: Trẻ tuổi - Béo phì & Kháng Insulin
30.085886814698103,173.16926605996787,97.03595612523816,34.18418041559686,114.62399982830094,115.47840111368605,14.259200817318003,130.8177145883772,74.58200094669837,128.60202294024788,20.939856050275107,4.833948587747452,2.734466733624269,1.2546784764064811,1.4074836321301891,0,0,0,6.64915518059992,3.579270111340971,0.6397652873319041,2.179416308675385,3.8527389117189146,0.6619188406596762,0.9926012026738752,0,Cụm 1: Trẻ tuổi - Béo phì & Kháng Insulin
23.620159266026604,169.1995779683298,92.00217722697435,34.131582908269834,120.23659469033493,119.127514788644,12.47981093230046,145.83729170794624,82.322590101693,121.63551772624606,23.81778975820558,5.0083049589029205,2.885965854486446,1.172001040688602,1.6757124830868748,0,0,0,7.153306637862264,3.836303918214319,0.7616874923122158,2.4624260169520116,4.27329395199199,0.7106199444116841,1.009310022992242,0,Cụm 1: Trẻ tuổi - Béo phì & Kháng Insulin
24.1852465024609,167.19046202328232,97.03475402754206,33.747670184963695,109.10312286204258,119.37078989319473,12.223329002326665,131.06900729811926,79.35374737331064,141.79687912752146,22.832616536093624,4.5136227608682855,3.043272269679401,1.4127763519861205,1.2530948926543517,0,0,0,7.994058684280285,3.1008464088821652,0.5695885875701598,2.154107594879461,3.1948600742947804,0.6525678650666644,0.9139850960160438,0,Cụm 1: Trẻ tuổi - Béo phì & Kháng Insulin
27.67313741227708,165.89227413087497,102.91795883232984,33.38811929993728,110.58795794639028,115.34109432789452,14.08736689829182,133.6100453808127,84.65351667178679,120.35901035427555,20.732766373642225,5.532335546489912,3.3926068650848658,1.053004205757382,1.484405128744677,0,0,0,6.161420352192545,4.4793313407325295,0.674729603974853,3.2218360064808147,5.253858926907831,0.6666251248032548,0.9587906078991074,0,Cụm 1: Trẻ tuổi - Béo phì & Kháng Insulin
26.321506638996727,157.65034606742802,95.04864580445025,31.616943886924386,112.91877977780672,125.66159804457902,13.240244657608978,132.7930079357194,78.89617741548555,127.28968859312111,23.917785315030034,4.447893916475105,3.207297886960606,1.0492333789383068,1.5500739079279748,1,0,0,7.517252949598268,3.3986605375367986,0.7045790490581704,3.0568012334929633,4.239184537739181,0.7162609064588458,0.8985941730404245,0,Cụm 1: Trẻ tuổi - Béo phì & Kháng Insulin
30.30274199778582,162.96109054123704,103.05099427907004,33.109032015851966,110.8078352105933,120.09383168364717,14.365200592910508,131.4312606308761,81.26842245486586,131.28518404100265,22.73318460591675,4.375033985524294,2.902018441010972,1.0780728825467172,1.6486097085146874,0,0,0,7.369210678582392,3.296961102977577,0.7493680493248578,2.6918573762430356,4.058198713976749,0.6799649833133238,0.9226771571622832,0,Cụm 1: Trẻ tuổi - Béo phì & Kháng Insulin
26.635927773436368,164.7755286032815,82.12905047955127,33.22592822520985,107.14267799126851,113.4332860111894,14.076285149488251,127.08128839911843,83.43745547643161,140.4589130234628,23.744309801841453,5.205338805725025,2.9442951376291937,0.8951325130828232,1.6979037195222224,0,0,0,8.234814679651862,4.310206292642201,0.7717744179646465,3.2892282367099868,5.815160023400239,0.6502341634068032,0.9445435441295392,0,Cụm 1: Trẻ tuổi - Béo phì & Kháng Insulin
25.12308889599413,175.3998555835324,99.3372885218761,32.53658409616757,112.80997041182108,120.82471443453532,13.42100530481175,131.91536149221972,84.70014317959543,120.31896494174391,23.377843248010755,5.077081942887029,2.6492411906086577,1.0869093973983086,1.2388394770405329,1,0,1,6.945180005360471,3.9901725454887202,0.5631088532002422,2.437407567686911,4.67111790093989,0.6431588557272014,0.9336663524493016,0,Cụm 1: Trẻ tuổi - Béo phì & Kháng Insulin
33.75694630676466,170.40532802697922,95.66301134119084,33.498071432500986,108.85193700195865,114.2997733190907,12.492247538317912,125.02228653458091,77.46896257530479,138.5121462650847,20.460595542319385,5.018441935968255,2.944446059202283,1.058904080613556,1.1364714573160946,0,0,0,6.997632104761686,3.959537855354699,0.5165779351436793,2.7806541811569905,4.739279060158539,0.6387824738949758,0.9523372955261833,0,Cụm 1: Trẻ tuổi - Béo phì & Kháng Insulin
28.682671098540396,155.65871891246087,93.73273924767064,34.34607628522181,114.22757350722313,121.3468384149698,11.69058333037696,127.43431626966996,80.49924567455668,130.4416314271371,20.998223483769596,5.019920928242499,2.863402408323959,1.1680472543771447,1.8394192054746272,0,0,0,6.763067971097602,3.851873673865354,0.8360996388521033,2.451443978480865,4.297703632649132,0.73383344219518,0.9413312699305695,0,Cụm 1: Trẻ tuổi - Béo phì & Kháng Insulin
29.56258461406377,170.26858778576357,95.6865798826775,36.5692788518158,109.35201518018168,122.8328823160296,12.972582057519572,126.31586403476904,80.00769141093666,123.49943944266435,23.613172774410057,4.795713629503581,3.046815568101427,1.1910107170932591,1.603078502994898,1,0,1,7.200527410129445,3.604702912410322,0.7286720468158626,2.558176449946129,4.026591499703579,0.6422324669643191,0.8902503394720985,0,Cụm 1: Trẻ tuổi - Béo phì & Kháng Insulin
25.08575544135963,165.3044240370858,85.28993142699552,34.00186671924776,117.99477041756138,114.91577072659317,14.536078553188164,128.86843362723846,79.383347685992,133.6047243198429,23.33932609503046,4.48596096997996,2.701830716934303,1.3751405007059063,1.3328783658608616,1,0,1,7.69936846601842,3.1108204692740538,0.605853802664028,1.9647670296579598,3.262183731536642,0.7138028586040107,1.0267935347037245,0,Cụm 1: Trẻ tuổi - Béo phì & Kháng Insulin
27.72685182642445,163.2615459978583,94.12941656081244,34.12632558608415,109.82861347682316,122.05200451697728,13.765312492956244,138.9159635500308,87.84908984098384,131.7634178690143,22.07678237623524,4.826531595367805,3.105803954272352,1.264050860582326,1.9077879938806308,0,0,0,7.182499509736233,3.562480734785479,0.8671763608548321,2.457024516277425,3.81830490044072,0.672715750702642,0.8998509603465475,0,Cụm 1: Trẻ tuổi - Béo phì & Kháng Insulin
29.6927677691296,172.28173402188608,97.01333885755872,33.62833112635075,111.44278469328012,119.849623707746,12.013513465545612,120.09730663333713,83.08743598836335,126.16848185988844,22.35324033078109,4.562993400970762,3.4098216739007734,1.0807715613205116,1.5489186585732146,1,0,0,6.96364048687378,3.4822218396502507,0.7040539357150976,3.1549883397510707,4.221977672502404,0.646863611664849,0.9298551071385421,0,Cụm 1: Trẻ tuổi - Béo phì & Kháng Insulin
25.90701926773309,175.21699665747167,102.61724622370755,30.86184317705144,115.41731026079384,121.48674063997797,13.716217111021416,131.5881708566853,77.25690615982734,130.85861459493017,24.67391535574038,5.141291906696214,2.9173719554629427,1.042190239438197,1.8148242960159569,0,0,0,7.972331802678419,4.099101667258017,0.8249201345527076,2.7992700805138813,4.933160676564845,0.6587106985198526,0.9500403883813898,0,Cụm 1: Trẻ tuổi - Béo phì & Kháng Insulin
30.487094055037016,174.5189608338134,92.63642490863177,33.70022918682618,108.26197489248116,125.7856719306158,13.970780855674604,121.24277857964655,84.88251681469171,127.67280482196767,20.935442786491876,4.7485299164742525,3.070513516629682,1.2090303005807803,1.5368796203525272,0,0,0,6.5997202487438225,3.5394996158934724,0.6985816456147851,2.5396497632480375,3.9275524477700907,0.6203450580683563,0.8606860640868474,0,Cụm 1: Trẻ tuổi - Béo phì & Kháng Insulin
56.61066103922728,173.25970986360252,87.87876887963752,32.50049315793042,102.27637379599814,119.62597195433077,11.116044991771316,136.92190364968934,90.20108299814984,131.5986773887412,18.262527784294665,6.508046253204017,4.102323445818523,1.1350804509106216,2.939838859146501,0,0,0,5.934134573304485,5.372965802293395,1.3362903905211367,3.614125714637603,5.733555051523369,0.5903067359198194,0.8549679649419598,2,Cụm 2: Cao tuổi - Tim mạch & Lipid máu cao
62.04039090760167,156.3141630321504,88.15400906090188,33.55630991638685,113.55342611811216,103.00612076642796,13.711211941614769,139.86831640036945,92.63395234142736,143.86695186108483,21.915335101122803,6.407168763419077,4.383163562519356,1.039231716685533,2.821158420728192,1,0,0,7.784919654352536,5.367937046733544,1.2823447366946326,4.2176961039052685,6.165293707406987,0.7264436178745793,1.1023949380212152,2,Cụm 2: Cao tuổi - Tim mạch & Lipid máu cao
59.16094776414709,171.80352134665955,92.28906071189148,31.23497540171788,107.64697235497354,117.97602740768986,11.44748477700446,142.79740972594877,91.0835535032664,148.22501556936407,22.37831053488741,6.297545910887553,4.739657208770302,1.2228140658539368,2.604907592480044,0,0,1,8.190186240616669,5.074731845033616,1.1840489056727472,3.876024443225898,5.150043728430407,0.6265702327356084,0.9124478482647819,2,Cụm 2: Cao tuổi - Tim mạch & Lipid máu cao
57.16323887120698,163.36163368737908,88.21187759589867,31.595187597059944,106.70591625518404,118.59434076999052,15.089753018381238,145.00946559211107,85.78789474451465,142.57358792492798,18.39580945140875,6.493336141356203,4.250274921678103,0.9688329237528877,2.4282658055736066,1,0,1,6.475942114248509,5.524503217603316,1.1037571843516394,4.387005042328832,6.702224895705966,0.653188351797365,0.8997555495682238,2,Cụm 2: Cao tuổi - Tim mạch & Lipid máu cao
59.49028134727242,171.99419068015212,91.76567428448205,30.53185442632654,104.65763468658942,105.3164390703674,10.485684710539534,139.4141528408094,91.79229247852088,149.45596262545746,17.872590892699243,6.529253456655985,4.10344014199204,1.266112851949298,2.764555828403397,1,0,0,6.595469818467529,5.263140604706686,1.2566162856379077,3.2409750328925377,5.156928504914546,0.6084951722655291,0.9937445246953537,2,Cụm 2: Cao tuổi - Tim mạch & Lipid máu cao
58.18535598915682,162.65718590420238,100.69380399322718,31.333560109885838,102.4080016484698,112.23924962367862,15.019747641948046,143.52045044014685,92.5986501084934,138.3765808492974,20.48013315168051,6.603755646863133,4.834347120832176,1.045181045922679,2.6883713463554373,0,0,1,6.997458767575047,5.558574600940455,1.2219869756161077,4.625368150036099,6.3182887525800675,0.6295940820517049,0.9124081102807484,2,Cụm 2: Cao tuổi - Tim mạch & Lipid máu cao
66.4914249052177,155.36582529534837,94.67242351715844,32.56595073956728,111.0810970438667,112.12423653601684,13.237220960643144,139.28077680441007,92.42086656775864,151.86303208129905,18.43285595034576,6.347048460656374,3.8355958298751274,0.8783069877458343,2.813798305006933,1,0,0,6.911776282808204,5.468741472910541,1.2789992295486057,4.367033262161724,7.2264578891100575,0.7149648053727582,0.9906965744037414,2,Cụm 2: Cao tuổi - Tim mạch & Lipid máu cao
64.07491927084835,156.60720293481785,88.68668233916078,33.13548292496803,108.45661288515942,107.97995322112872,12.86794426575553,139.92816988653624,94.24433253944116,158.08988686533476,20.80316567441872,6.0615086718891,3.610358213013975,1.0653725297892949,2.7487929504204924,0,0,1,8.120420019530053,4.996136142099805,1.2494513411002237,3.3888223246454623,5.6895672662856445,0.6925391096493857,1.0044143347891117,2,Cụm 2: Cao tuổi - Tim mạch & Lipid máu cao
61.40608207605015,168.33659462662968,96.32286961081972,30.61675201373356,103.68513685090632,110.49873324963652,12.33009709582926,136.350025064183,93.38032754092116,139.4577300769224,19.9431480806103,6.171349790251663,4.402004335016,0.9682738011030144,2.852388178829833,0,0,0,6.867225091135417,5.203075989148649,1.2965400812862877,4.546239224898404,6.373558577358528,0.6159393748036771,0.9383377872456052,2,Cụm 2: Cao tuổi - Tim mạch & Lipid máu cao
65.86983241667008,169.81805751205036,88.27642313489223,33.30440888015849,103.66722429777737,109.1676966181367,13.462963337222485,138.52545039250094,92.06873027729954,138.8790823501946,16.50581380891324,6.542278138277924,4.119383732694216,1.1508772258786468,2.456191197109858,1,0,0,5.660030309197632,5.391400912399277,1.1164505441408443,3.5793424703049785,5.684601268639378,0.6104605471089027,0.9496144693828275,2,Cụm 2: Cao tuổi - Tim mạch & Lipid máu cao
61.66210492294285,161.66978362426914,80.12617732411071,34.033456788207424,107.02475355248455,120.6190817736945,12.938838357090182,136.59741927472652,90.21602000989472,152.1712913398239,22.632312441567823,5.834072515154467,3.9636301548607857,0.9716851224837132,2.919348516408581,1,0,0,8.50367459318454,4.862387392670754,1.3269765983675368,4.079130227629086,6.004077226418843,0.6619960214780574,0.8872953763094,2,Cụm 2: Cao tuổi - Tim mạch & Lipid máu cao
58.84614739601521,172.47014721144163,85.27636844541297,32.620152354835554,114.04157533851289,117.35271357258986,14.307962258419826,138.288570361602,84.64823673269403,153.054605020115,23.129057385098744,6.249035658105514,4.482506934189805,0.9964579880142264,2.6393999011731,1,0,1,8.740762327318176,5.252577670091288,1.1997272278059545,4.498440464231402,6.271248495442135,0.6612250130377775,0.971784732254795,2,Cụm 2: Cao tuổi - Tim mạch & Lipid máu cao
65.99937223180898,156.36935956411727,80.96284039487071,34.8151937188371,107.29143027022738,118.69622037997664,13.121073178394449,147.4213880847353,91.96526376696406,138.33757980992712,18.311724657938928,5.982331415685423,4.343140214131359,0.8232551122865364,3.108815218156316,0,0,0,6.254814003271696,5.159076303398887,1.413097826434689,5.275570293233376,7.2666799469606635,0.6861410097816119,0.9039161476815383,2,Cụm 2: Cao tuổi - Tim mạch & Lipid máu cao
63.04673013105398,167.53744140946878,88.55923257979344,30.83931620134464,102.93899966408664,116.49668825617296,13.164362113754253,138.40770500025627,91.1885069050709,139.05629228032902,18.761898919035733,6.130060688027186,4.100776410778981,0.9957232416901108,2.417703045477608,1,0,0,6.441876789677585,5.134337446337075,1.0989559297625489,4.118389768444539,6.156390080462724,0.6144238493680899,0.8836216823411036,2,Cụm 2: Cao tuổi - Tim mạch & Lipid máu cao
58.31826153702063,159.5228866016628,90.40889189594776,30.13301794503288,107.3398992756992,109.0937929151311,12.547665345343374,154.52571929176827,91.4121259301838,140.02510773797644,20.10903282035751,6.567458151912554,3.8859086803987313,0.7591344808045253,3.0239909507913123,0,0,0,6.952517252289049,5.808323671108028,1.3745413412687781,5.118867313575946,8.651244697714704,0.672880873474492,0.9839230666331645,2,Cụm 2: Cao tuổi - Tim mạch & Lipid máu cao
60.858983965749175,163.4371472453849,98.6989865613764,29.331919626643582,107.24546750588316,111.51191893488092,12.91566525153472,144.899930553964,85.99297998462892,132.58644642276008,20.20621561888175,6.186884673806965,4.531737198484043,0.8599316611817133,2.639477695865662,0,0,1,6.614988455702723,5.326953012625252,1.1997625890298462,5.269880623137605,7.19462365800671,0.6561878331421471,0.9617399514800814,2,Cụm 2: Cao tuổi - Tim mạch & Lipid máu cao
58.803145239845726,168.3317906992149,91.9514368688208,34.24406646723377,98.7608967497045,115.56749824491168,13.353362122670472,143.51176255662693,86.67790210857109,135.5670363746106,20.854390584253363,6.136252791854651,4.465060353387598,1.1412497587373158,2.427145499096388,0,0,0,6.980661547915587,4.995003033117335,1.1032479541347218,3.9124304905244944,5.376783429635797,0.586703773181955,0.8545732861709053,2,Cụm 2: Cao tuổi - Tim mạch & Lipid máu cao
57.28160080710699,161.97710644301233,89.22129735595567,32.98154848453109,108.00996796718766,108.72148876443224,10.931797928812047,138.81738998918453,94.14763498666515,134.96861463273552,23.5577111164404,5.644050350657028,4.240247240866185,1.1442960190381,2.4690285414864195,1,0,1,7.850744773590504,4.499754331618928,1.122285700675645,3.705550985339051,4.932334165945487,0.6668224315094079,0.9934555642556897,2,Cụm 2: Cao tuổi - Tim mạch & Lipid máu cao
64.20853264259492,165.30811119039123,94.46382790591744,31.91662299363432,107.39172914426965,116.46199372068956,11.366177493473144,145.83139445734048,90.32315696150172,136.6230170442711,19.183407583919603,6.381188748109526,4.823991098814299,1.1010549074141958,2.50991317295142,0,0,1,6.471345731617402,5.28013384069533,1.1408696240688272,4.381244810164228,5.795522734734105,0.6496458544649559,0.9221182440155274,2,Cụm 2: Cao tuổi - Tim mạch & Lipid máu cao
67.15824992141039,175.04404966450107,79.26112345496057,32.41995293947973,110.63672227684695,112.64869840736748,13.875916912827256,140.08962978193003,92.84685244080418,141.75480578829254,17.940707549830794,6.345919463399375,3.9489745701021537,0.9339628628244944,2.696041486600479,0,0,0,6.2794605294588095,5.4119566005748805,1.2254734030002177,4.228192283962607,6.794616484222958,0.6320507465914968,0.9821393752527465,2,Cụm 2: Cao tuổi - Tim mạch & Lipid máu cao
57.23429727854258,163.96175691333795,91.4948727905428,30.31176642905244,114.67134633230872,112.11071676980164,13.18903852575353,143.22904416590413,90.56071431645664,143.63710312775564,16.778663582878647,6.87713915315691,3.812342448722578,1.0442746372629623,2.7207088720088746,1,0,1,5.950712670123106,5.832864515893948,1.2366858509131247,3.6507086475974413,6.585565623983602,0.6993786142028126,1.0228401854549272,2,Cụm 2: Cao tuổi - Tim mạch & Lipid máu cao
63.11890771007171,173.849844784456,94.17112596943484,35.66862796942524,112.14297760341717,116.45383987281396,12.763219996376783,154.20038042220958,90.5657464882351,152.85110344969854,18.075441959023863,6.012277617766449,4.062427579035626,1.0495676953091315,2.446574999015355,1,0,0,6.821854935253773,4.962709922457317,1.1120795450069794,3.870572233874929,5.728337147415384,0.6450565299178451,0.9629822230498802,2,Cụm 2: Cao tuổi - Tim mạch & Lipid máu cao
59.47807229263452,160.09205201739667,82.92386877110079,32.19383177296284,107.25888958305808,115.38705324594416,13.006120719678472,142.24773045123908,93.745593320916,135.00912171482847,19.471048093160107,6.196702614682378,4.256324195093351,0.9109962372968948,2.5839113519347543,0,0,1,6.490787905986992,5.285706377385483,1.1745051599703427,4.672164407311607,6.8021165851016185,0.6699826020807242,0.9295574032421026,2,Cụm 2: Cao tuổi - Tim mạch & Lipid máu cao
59.96862384870591,171.70862924540697,96.03557021603464,32.164092191907336,104.32715931940416,112.1661353367237,13.401098046434004,147.85172996828555,88.6554434512392,148.8878567893361,23.12641776594328,6.207284289298763,4.343001834796807,1.230407796212058,3.1255675896529658,1,0,0,8.5018340157682,4.976876493086705,1.420712540751348,3.52972554966508,5.044899998527765,0.6075825063532432,0.9301128099511776,2,Cụm 2: Cao tuổi - Tim mạch & Lipid máu cao
59.65281822728339,178.0909803446053,92.00928203747206,33.08864993584804,117.20675931137453,118.247319213457,12.336288383628766,139.5157060869335,90.79802271929344,140.49967809042144,18.50207944083536,6.672108647917216,4.197629182643101,1.1552834748690806,3.0218857925251776,0,0,1,6.418607914668575,5.516825173048135,1.373584451147808,3.633419220437465,5.775299996109885,0.6581285536447715,0.9912001395972108,2,Cụm 2: Cao tuổi - Tim mạch & Lipid máu cao
58.83802769096055,150.69848849910898,88.24036043049598,32.72151384760507,108.40726451905071,109.28574668960044,12.050034329517224,142.5225517927637,88.84363648953236,141.65135403243298,19.9848779421855,6.086646563664566,4.375616618954289,1.0234842991404405,2.699080917418508,1,0,1,6.989839557243157,5.063162264524125,1.226854962462958,4.275216163676464,5.946985770838257,0.7193653075006899,0.9919616034372273,2,Cụm 2: Cao tuổi - Tim mạch & Lipid máu cao
61.57556488383448,162.42173321170665,93.4807093305314,32.335826036418695,108.24875252169532,116.07374242777706,13.219014306117218,150.6486028603598,88.9408632039869,146.72133644516623,19.5044562467622,6.217657534019618,3.8945381727428665,1.0532263006793436,2.59950086954205,1,0,1,7.0659750300277056,5.164431233340274,1.1815913043372952,3.697722104196261,5.903439298856432,0.6664671677933629,0.9325860462287535,2,Cụm 2: Cao tuổi - Tim mạch & Lipid máu cao
58.93714965076688,172.03950489026377,101.67026428902196,30.814288316832037,108.115562195115,115.98240503187355,11.809952666861962,139.85864823995504,89.37949756785977,134.13854584906392,21.914088585803867,6.332763778400788,4.703129381221977,1.0750059369537064,2.620007831679565,0,0,1,7.2580838926106175,5.257757841447082,1.1909126507634384,4.374979913645362,5.89091051566304,0.6284345113878178,0.9321721011510614,2,Cụm 2: Cao tuổi - Tim mạch & Lipid máu cao
62.24137047733952,166.57868229769906,91.22613127529246,32.70720253570399,108.89329666268748,112.37181424274404,13.473903306857366,150.83601851098618,91.239068200718,144.67446822328836,24.591166890654943,6.185313193104725,4.2453546464822285,0.8049918157890852,2.743379493182604,1,0,0,8.784478994804047,5.3803213773156395,1.2469906787193654,5.273786097217351,7.683696991430445,0.6537048748415487,0.969044572222156,2,Cụm 2: Cao tuổi - Tim mạch & Lipid máu cao
61.27928567165259,170.59802111359917,91.55790293150169,34.82303674471255,107.6947385582662,114.91453208896849,10.940899674914592,145.86488370954964,88.78597982417783,143.1627654574914,18.475564493067058,5.963748234907315,4.605188749476438,1.0203387140975284,2.3343018587003983,1,0,0,6.53089606473016,4.943409520809786,1.061046299409272,4.51339215678947,5.844871073212335,0.6312777713086928,0.9371724933351978,2,Cụm 2: Cao tuổi - Tim mạch & Lipid máu cao
60.71315585940077,163.77210369298925,88.01999550229877,34.01813006923247,106.19218297591918,108.6055456944588,14.218986764790772,140.1488995084758,94.85674643950732,145.44475884805706,18.558423153871257,6.187931497514407,4.372817603913311,0.9681618902402642,2.5256558656441634,1,0,1,6.664754025222231,5.219769607274143,1.1480253934746196,4.516618189575846,6.391422302295721,0.648414354956259,0.9777786419366727,2,Cụm 2: Cao tuổi - Tim mạch & Lipid máu cao
58.7073090138752,168.6061285123103,86.06757815267602,34.3897799399591,106.28599370565864,117.3061080768276,13.551116978895651,145.52583482574985,87.33047444223175,144.02178050735472,21.625623793045843,6.495771112450919,4.407025965746135,0.9298055988126102,2.1728539815306025,1,0,0,7.690273687053522,5.565965513638309,0.9876609006957283,4.739728359749651,6.986160462731366,0.6303803701767487,0.9060567727304402,2,Cụm 2: Cao tuổi - Tim mạch & Lipid máu cao
59.69968600829501,166.91025935225545,94.46847908272122,31.233176485353223,108.085363554244,112.87039145422806,13.291235681176651,147.05649502332028,89.80754924543525,159.18470097937626,20.901085018160323,5.760719645206128,4.440930184069661,1.0162679648536854,2.68980578065132,1,0,0,8.215143132741659,4.744451680352443,1.2226389912051452,4.369841752031446,5.66850461141468,0.6475657276772631,0.9576059953515399,2,Cụm 2: Cao tuổi - Tim mạch & Lipid máu cao
63.69617367747727,176.17447443161865,86.03638087045564,30.51559276961213,106.29801330103184,111.51910791792386,14.163229180734616,145.4781448299774,88.9225412960404,137.5334201102408,23.23071669037977,6.166539385951406,4.404312568005194,1.2657223832219429,2.751798984925685,1,0,1,7.888888686518477,4.900817002729463,1.2508177204207658,3.4796829276210275,4.8719525448023235,0.6033678468119452,0.9531820625687335,2,Cụm 2: Cao tuổi - Tim mạch & Lipid máu cao
62.93275156287314,169.7809459031085,90.67463118609696,31.81131961985053,105.70503976062992,117.80603690334758,14.982569333355093,135.61398876049296,95.52602259523808,138.2806213149873,20.70515840955963,5.874957714771289,4.462816827960263,1.1269011433520413,2.4692033844251564,0,0,1,7.069437455059603,4.748056571419247,1.1223651747387073,3.960255834584853,5.213374526620713,0.6225966005687955,0.8972803307809619,2,Cụm 2: Cao tuổi - Tim mạch & Lipid máu cao
58.49733426560434,170.36321863452642,87.9285127661744,32.083587368433044,108.57250579692165,110.79262523782896,14.201244078021755,139.4078827087881,91.14954171779053,137.63561631502665,18.81871785733358,6.538266320123694,4.668745759039729,0.9814585212260644,2.983496690822508,1,0,1,6.395372421117791,5.55680779889763,1.3561348594647762,4.756946583139761,6.661785677866361,0.6373001559088762,0.9799614871825487,2,Cụm 2: Cao tuổi - Tim mạch & Lipid máu cao
61.72799691628768,165.11686123714273,92.71169912873196,33.641287277706425,107.307579739027,107.97615481454578,10.774950922402024,141.56616614001825,94.07305588814025,138.10926016587825,20.71861170029232,5.586884583325678,4.328956350910441,1.118709933762739,2.2835585842494144,0,0,0,7.065264527386374,4.468174649562939,1.0379811746588246,3.8695967741612503,4.994042168316501,0.6498886845051556,0.9938081229446716,2,Cụm 2: Cao tuổi - Tim mạch & Lipid máu cao
47.09687535937054,166.01240732382226,78.4958517999203,28.074650339255943,95.29550077096005,94.97781684543918,14.247818820143788,120.67582677827345,82.21297499790623,120.70896472990836,12.43462997814878,4.42590667627114,3.064595089298225,1.4071923068164267,1.4250961231485308,1,0,0,3.7061020036094376,3.018714369454713,0.647770965067514,2.1778083027126813,3.14520386078867,0.5740263773482757,1.0033448223603396,1,Cụm 3: Trung niên - Lối sống lành mạnh
48.221220705116046,170.80834551428822,70.23090030882197,25.58533972841063,93.16444159734432,93.16083018267332,10.69735051182414,126.983990528023,82.22464227875625,124.77783195918838,11.495413123267102,4.428604558952768,3.018567052726921,1.5295593706752195,2.164677436565838,1,0,0,3.541661054312275,2.8990451882775483,0.9839442893481081,1.9734879930776295,2.895346623255149,0.5454326093776902,1.0000387653766494,1,Cụm 3: Trung niên - Lối sống lành mạnh
56.383377556845616,171.4974597078817,71.13514149106715,26.94326844531368,93.03064467934848,93.33195758282504,11.23477861629195,125.51938542480788,79.81657791890075,137.57578948482345,14.389166916971584,4.933133308518539,3.1919330909298704,1.3990848829375842,1.5087921904454609,1,0,1,4.88790370032412,3.534048425580955,0.685814632020664,2.281443484849853,3.525971417946209,0.5424607736919906,0.9967715998755392,1,Cụm 3: Trung niên - Lối sống lành mạnh
49.17511503274937,158.9253685651531,72.06243345904404,25.10205285770179,95.0314694617543,96.16402841747188,11.507378468598608,125.6688681379904,81.63606636446524,123.48943785090044,9.806921149551323,4.808046114860554,3.2723775052542856,1.3156497365299438,1.6424797202398906,0,1,1,2.9902498266819735,3.4923963783306102,0.7465816910181321,2.487271052769148,3.6545031563962347,0.5979628697403031,0.9882226340310862,1,Cụm 3: Trung niên - Lối sống lành mạnh
52.37988495902853,176.045938097846,74.389468260667,25.28884065043671,89.25224125379113,98.62523832034672,13.22580577511222,132.43544271459635,76.79334040827862,130.50946863720492,10.186905894517608,5.037375517715961,3.11250726409252,1.2042247737934444,1.670572621566727,1,0,0,3.282685618149886,3.8331507439225163,0.7593511916212394,2.584656396237199,4.183085772141738,0.5069826786016778,0.9049635040058309,1,Cụm 3: Trung niên - Lối sống lành mạnh
54.50542771983405,165.8936718644705,76.01980402103213,26.733591504266563,96.34806003204044,91.24315191123128,10.952822657954172,125.87853329089664,79.35692862979839,125.7478423622655,9.410815495383009,4.952830997309708,2.3002441287671376,1.549372816949382,1.4384322508194471,0,0,0,2.9219499837377487,3.4034581803603263,0.6538328412815668,1.484629201960684,3.19666831838545,0.5807820090374125,1.0559483973742558,1,Cụm 3: Trung niên - Lối sống lành mạnh
50.732859869606656,166.072737435462,79.12431760928337,25.0,91.60985001820217,97.46439134484986,10.057179696409964,122.933523142567,77.43113807623229,135.51083600709268,10.20364670999524,5.010566775523555,3.155067214872745,1.2195978819281306,1.8281438943521404,0,0,0,3.414085669117224,3.7909688935954238,0.8309744974327911,2.58697334721894,4.108376088356327,0.5516248568721458,0.9399314842491236,1,Cụm 3: Trung niên - Lối sống lành mạnh
52.51180005729958,173.2596319095316,71.34337850330382,29.87083792492408,95.21009608115806,99.01203226477227,9.532391393249156,115.50125608160454,76.49774209175123,135.0256746982477,12.055956381428,5.21301260482486,2.7175553815170668,1.4618274441370898,1.8734759670503704,0,1,0,4.019416406259162,3.7511851606877706,0.8515799850228956,1.8590124247675672,3.5660929925296885,0.5495226731802852,0.9616012711117039,1,Cụm 3: Trung niên - Lối sống lành mạnh
55.79554464757015,173.23015656981707,67.57877551149122,25.0,94.6705716172068,104.15222313467852,10.98241926308132,123.5557044183542,79.1922218701437,135.15922573667942,12.921628906680668,4.8378558655187085,3.087164230305277,1.4366221432713384,1.7726465822546127,1,0,0,4.312289773539887,3.40123372224737,0.8057484464793694,2.148904807547712,3.367521437823871,0.5465016801451176,0.9089635225048335,1,Cụm 3: Trung niên - Lối sống lành mạnh
53.1832089636798,163.0941782479374,86.36258781603394,26.71986723101517,88.46419360199104,92.39823932309947,10.51394373713534,130.17686462797235,80.28235631655326,114.78811529407852,13.85656853342831,4.9231946659242976,2.728630722879108,1.3315877676443129,1.434938091992231,1,0,0,3.9273318182604187,3.5916068982799847,0.6522445872691959,2.049155744128138,3.6972363260995027,0.54241171912039,0.9574229363034527,1,Cụm 3: Trung niên - Lối sống lành mạnh
52.55665188902306,173.6203113270198,69.92660689673784,28.532326582725297,93.86015141719948,95.30655125288878,13.46401114716,123.88973896199715,83.13828068784245,128.37306833071494,8.284277068891747,5.509257427967107,2.72505070947616,1.3284425435463187,2.315846558712928,1,0,0,2.6258717684825066,4.180814884420788,1.0526575266876945,2.051312435539404,4.147155219269004,0.5406058237069433,0.9848237102625674,1,Cụm 3: Trung niên - Lối sống lành mạnh
46.43564381553862,164.07686293957332,79.76549061497774,25.485641991874253,93.2419613479634,97.75165189078592,13.175834904812358,114.21977545666223,79.99404434554611,132.23857020085362,11.589999189766642,5.001079444388759,3.5205365465845584,1.1397146471150776,1.957307699125412,1,0,1,3.78430844810813,3.8613647972736818,0.8896853177842781,3.088963150114792,4.38801015416256,0.5682822043123947,0.9538658380130391,1,Cụm 3: Trung niên - Lối sống lành mạnh
48.688833241779335,180.73701132689055,75.74020638624336,25.0,92.2060908012302,101.29463732076644,9.810752606491684,122.057369235134,81.31275687236543,129.5967699381253,9.71739610031162,4.937276333881114,3.053972405716683,1.3996078000975147,2.4785555109124897,1,0,0,3.109489251382027,3.5376685337835987,1.126616141323859,2.18202013843014,3.5276141884441623,0.5101671767409132,0.9102761334664161,1,Cụm 3: Trung niên - Lối sống lành mạnh
54.63076038295004,162.20264213113964,76.84040020403188,26.112581359812992,91.76969887487616,95.48810447531274,10.199087875740986,128.76709842510758,81.35249110637338,131.3821742807528,11.523150979717023,5.028879444763116,3.0310013520534245,1.4343911598874968,1.6187226900284268,1,0,1,3.7381151364953316,3.594488284875619,0.7357830409220122,2.1130926045941014,3.5059330992792406,0.5657719114136318,0.961058965188717,1,Cụm 3: Trung niên - Lối sống lành mạnh
53.19985091602415,169.67634223194128,75.57611947082047,25.467769429885823,91.79937362598773,101.4995654879642,11.140524129464264,126.75617728552906,88.47237027993935,127.33445702999832,16.602052322947305,4.943522469446664,3.2947572146485773,1.2293103860622636,2.059470557044244,0,0,0,5.21978597068177,3.7142120833844006,0.9361229804746564,2.6801670692805,4.021378592010268,0.5410263588809652,0.9044311981500381,1,Cụm 3: Trung niên - Lối sống lành mạnh
53.65439882135522,162.52587654164674,73.65966259026436,25.0,94.944412989754,88.95555073409416,12.728671707070514,120.52053596570168,72.73088658854597,121.7125105529143,12.517448686693257,4.751649697466371,3.038822843078264,1.3413014230805078,2.014818471848541,0,0,1,3.7618027293202867,3.4103482743858633,0.9158265781129732,2.265577886362883,3.542566656310158,0.5841802856877674,1.0673242108697831,1,Cụm 3: Trung niên - Lối sống lành mạnh
53.396190796644696,183.55886940394552,77.90373341461728,27.207334838858294,94.12268679827028,91.69160722751243,11.12041576364526,121.75621850620414,76.65823146606988,115.04631830509622,13.732655104989718,4.650689556987098,3.781141827638223,1.364543429801074,1.7473562242256595,0,0,1,3.9009664453895105,3.286146127186024,0.7942528291934815,2.7709941252580332,3.4082385766681575,0.512765670784019,1.026513654240193,1,Cụm 3: Trung niên - Lối sống lành mạnh
55.35926958512612,159.33525339139018,73.3909359687135,27.09064079334943,92.20667597592984,98.09957737733689,10.275311234414344,122.45181103403912,84.22519618370828,122.40701399946066,15.855107707015318,4.732799030947499,3.0680940717821943,1.4301487153539485,2.172762725264806,1,0,1,4.792040471742174,3.3026503155935503,0.9876194205749118,2.14529722597616,3.309305514969592,0.5786960136777384,0.9399293905340673,1,Cụm 3: Trung niên - Lối sống lành mạnh
50.70580022513463,171.67053923077037,81.41538573618394,28.493489681807528,86.87822348735018,91.06170200764848,10.98134182811673,121.3177880266168,77.83395423801285,145.67276911546872,14.18844164904274,5.305521715369776,3.259537623594903,1.3604563691347826,1.7186474980965554,1,0,1,5.1033816899982805,3.945065346234993,0.7812034082257069,2.395914854416015,3.899810266421083,0.5060753223974149,0.9540588586852142,1,Cụm 3: Trung niên - Lối sống lành mạnh
51.8514998763679,162.85562709865542,78.42607703128076,25.09876645171942,93.83055194929264,92.00711789293314,10.297818163324743,115.16646759517188,82.16631098160602,123.52644176736528,11.037896203319256,4.779533160848556,3.4412823994130584,1.16484167752461,1.7297771451438484,0,0,1,3.366597636033428,3.614691483323946,0.7862623387017492,2.954291957277905,4.103161187540508,0.5761578744371636,1.019818402077124,1,Cụm 3: Trung niên - Lối sống lành mạnh
48.40397700061275,165.52124650986408,78.58184256640746,25.0,94.63264766712224,94.59389254301624,11.774972651327378,127.73615995278936,79.87103333316993,113.21026841736476,9.382060989553349,4.945776389357303,3.630675967682073,1.2964074676645014,0.9521425270154044,0,0,0,2.622581834408448,3.649368921692802,0.43279205773427465,2.8005669962876665,3.814986038507783,0.5717250785776478,1.0004097000669296,1,Cụm 3: Trung niên - Lối sống lành mạnh
47.65593224969087,171.17476483621624,73.04825669971703,26.16991537543013,100.1514352990644,99.7907559676633,10.201159546002351,129.95676980510092,86.43420840422804,132.05454552510358,11.873436623651523,5.245257699796514,2.927398159302708,1.3869550942466824,1.9222570134356596,1,1,0,3.8714599435985737,3.8583026055498313,0.8737531879252998,2.1106654220068384,3.7818511367489145,0.5850829437089718,1.0036143561385382,1,Cụm 3: Trung niên - Lối sống lành mạnh
46.55877785323583,176.572091063383,74.402098314555,26.64748601148636,95.86401572086764,89.12114063477084,10.43947673708764,117.46697975215866,75.170309505277,132.9142200607785,10.798313594255854,4.902563090216158,3.0246109488484065,1.460983401044771,1.4886225220793985,0,0,0,3.543825751486959,3.4415796891713866,0.676646600945181,2.0702568877137564,3.3556596787549138,0.5429171458724806,1.0756596587304679,1,Cụm 3: Trung niên - Lối sống lành mạnh
48.83450950300046,179.3637759360933,69.64430795678966,28.162024404479745,85.45288264229586,97.38619344864958,12.446320576147317,129.8973381966384,83.34230193381585,135.93727073106498,8.884682589454876,5.221676460195279,3.5323775625880542,1.2858836068726904,1.6823197010761222,1,0,1,2.982122228450141,3.9357928533225883,0.7646907732164191,2.74704300117715,4.060769133603438,0.4764221883505755,0.8774640389590134,1,Cụm 3: Trung niên - Lối sống lành mạnh
56.14768544646893,157.24136427981577,73.81879171637217,28.895852007507735,92.37450289656525,100.83685578861122,10.129962063223113,123.83639559371252,85.18953456845375,130.22284952594745,12.415575157272162,4.460722435149196,3.393018691215808,1.6225179849460023,1.5634450903137431,1,0,1,3.9920779641568993,2.838204450203194,0.7106568592335195,2.0912055969159122,2.7492591617082445,0.5874694824714317,0.9160787707444391,1,Cụm 3: Trung niên - Lối sống lành mạnh
46.831818796551886,169.87425857055123,70.4009924182185,28.60171870086102,98.43981260032744,95.92521916628417,9.316646360927804,129.81309556675544,75.51553392991201,132.84521060126866,12.46549775881189,4.9536191621603365,3.4725527807005374,1.1326632317395644,1.7284421151704346,0,1,0,4.088843642022242,3.820955930420772,0.785655506895652,3.0658298807557554,4.373426295963082,0.5794863414190795,1.0262141015251087,1,Cụm 3: Trung niên - Lối sống lành mạnh
50.579392043268406,178.21645522368465,82.14921457794355,27.194815500339,94.28242099915572,95.22967908162984,11.165992501627564,124.470776963307,81.80604585253471,139.80751994389394,15.471958563219795,5.027613633809478,2.7393886369320994,1.292355978993052,1.930970057554359,0,0,0,5.3409781614776595,3.7352576548164262,0.8777136625247085,2.1196858152554165,3.8902699531183176,0.5290331966305756,0.990052911113329,1,Cụm 3: Trung niên - Lối sống lành mạnh
47.61056402906153,156.20282342866642,75.83655107797001,27.979248880256225,93.25028256130622,98.3120851302343,10.619431914954484,124.90995066471385,75.68675704959831,121.70768555556518,11.210199025019598,5.008098553084359,3.6143999261772057,1.3500359675808673,1.8227853907621892,1,0,0,3.3688083406231817,3.658062585503492,0.8285388139828131,2.6772619492900307,3.7096037982294523,0.5969820552180422,0.9485129161666881,1,Cụm 3: Trung niên - Lối sống lành mạnh
49.68707811098992,170.20068445838393,76.43635817520214,25.819259847846222,95.25080030620332,95.93655578911424,11.665698601115944,125.97595591141996,79.17156550387294,120.31904506203396,12.493967940632125,4.42147845575639,2.9215777370145584,1.3359101003736564,1.997410322626452,1,0,1,3.7117587448210476,3.085568355382734,0.9079137830120235,2.186956844025199,3.309712573113786,0.5596381742489012,0.9928519897627102,1,Cụm 3: Trung niên - Lối sống lành mạnh
51.99908137705606,167.98541341805873,74.45813936324988,27.032592788712872,89.92167631753219,102.26699912496298,11.432966321677307,120.74470153689124,78.1679422443624,119.26389422312948,10.602754333312795,5.421089426250782,3.2076878934425688,1.2121429204222205,2.136407383896408,1,0,0,3.1222858550173953,4.208946505828561,0.9710942654074581,2.64629511866905,4.472318680343797,0.5352945502104259,0.8792834158324555,1,Cụm 3: Trung niên - Lối sống lành mạnh
49.38965238038498,170.90179270065852,76.57176661025703,25.0,93.77331498819608,92.25934795146226,11.013697806427963,129.6760336494761,70.6563612278511,125.06561289454211,13.680064024080156,4.700864469260004,3.105533136722469,1.4137434097302153,1.7278010158305412,1,0,0,4.224458250884348,3.287121059529789,0.7853640981047915,2.196673820262121,3.325118573077607,0.5486970821449713,1.0164099039322316,1,Cụm 3: Trung niên - Lối sống lành mạnh
54.75899459504939,162.59387182271468,87.9082601792884,26.87402809533031,91.22336186352832,96.49842337933966,10.978747889436004,119.25378712866346,80.55081990899164,136.95995693877617,11.684489570312966,5.117262993841863,2.8864551490355788,1.4045312861576706,1.7003581894959716,0,0,0,3.9513757738312174,3.712731707684193,0.7728900861345325,2.0551020667769944,3.643395518686514,0.5610504309965282,0.9453352569805744,1,Cụm 3: Trung niên - Lối sống lành mạnh
56.0919343625487,157.9506682025059,74.08317057803752,26.91297004609702,92.03131779966331,97.52774549984274,10.168969860812595,122.49069964967498,79.56768708662182,130.62247857422363,9.58854194498774,5.0027874989265655,2.726239270973699,1.3657553735177856,2.0594319134155024,0,0,0,3.0925410241165574,3.63703212540878,0.9361054151888646,1.9961402487121143,3.663018719114281,0.582658616433781,0.9436424201953044,1,Cụm 3: Trung niên - Lối sống lành mạnh
44.742712815832185,154.60825502374684,72.33180682645002,29.363192908527456,94.99959080493286,95.19118379261415,11.152016485191892,126.65919104939424,84.24277640692016,130.3468436689645,11.906781519362909,5.351298333333737,2.6268455650101306,1.399821263591022,2.0792618221849826,1,1,1,3.8321268871726244,3.9514770697427153,0.9451190100840829,1.8765578387281887,3.822844010531616,0.6144535477121938,0.9979872822245944,1,Cụm 3: Trung niên - Lối sống lành mạnh
49.44102300894664,174.83468767423471,78.2323376645272,26.43652570776463,88.85650414127736,85.21986934817015,12.109541737719322,122.0086214178154,81.2050027912734,114.19084449934692,12.714770957823228,5.765621090280972,3.1857055218161925,1.3091468306262364,2.005147717025762,1,0,1,3.584964032813839,4.456474259654736,0.9114307804662554,2.433421100895379,4.404105754526374,0.5082315490324297,1.0426735551335986,1,Cụm 3: Trung niên - Lối sống lành mạnh
51.66742636681727,175.72834395538348,62.95527883198754,26.91506425647993,96.60793865830678,96.06138036780322,9.883863910320628,127.79889058366724,87.08409373427567,122.07369220934504,12.444271937520352,4.548372430410008,2.6924042729299638,1.165916445986972,1.5819552983151628,0,0,1,3.7509091907907393,3.3824559844230357,0.7190705901432558,2.309260052207934,3.9011135369650938,0.5497572928976957,1.0056896776666218,1,Cụm 3: Trung niên - Lối sống lành mạnh
54.86835107804615,170.1187974429719,75.90365593455465,27.135442123568065,90.6201581362006,100.30570794764986,11.045523148366158,130.4913977793278,79.4406483372755,114.07639656996574,14.025518593684964,4.772880141554626,2.809855321473935,1.2740032155937306,1.925663766375401,1,0,0,3.950569435043541,3.4988769259608947,0.8753017119888186,2.205532362149057,3.7463642816084213,0.5326875071908427,0.9034396944139589,1,Cụm 3: Trung niên - Lối sống lành mạnh
50.127267174540215,164.26096155218332,73.72530748353549,26.097769526167323,93.0123199160264,99.81743674450406,12.298066506881533,128.85645700474225,78.69664481799192,135.12472052525078,9.037612418611848,5.066182372843668,3.084589236540534,1.3788465497691331,1.8473676510118224,1,0,0,3.0153206229147207,3.6873358230745352,0.8397125686417374,2.237079417616849,3.674217681214725,0.5662472631178269,0.9318243680621026,1,Cụm 3: Trung niên - Lối sống lành mạnh
51.43019381426257,156.63867874573978,70.62230566981951,25.57626090018253,87.1982221390377,98.1241139286808,11.65850891186004,115.5874810884462,78.42075172249017,138.02552545020012,10.248239982663344,4.613126338856523,2.35835744992203,1.3795293297815676,2.083132235337416,0,0,0,3.4926387865354513,3.233597009074955,0.9468782887897346,1.709537737987382,3.3439856908203303,0.5566838461436479,0.8886523266076641,1,Cụm 3: Trung niên - Lối sống lành mạnh
48.01976732484415,171.94341823753516,78.12266035155749,28.728216987270574,94.61943051804988,92.3135505666031,12.623367475620856,124.86631136328712,77.52743951138879,132.38296709068263,13.2132998262843,5.273763912784516,3.3836939136132003,1.3649654863103018,1.6767819776155628,0,0,1,4.31905144706745,3.908798426474214,0.7621736261888922,2.4789593198871365,3.863660997788493,0.5502939948962496,1.0249787808755457,1,Cụm 3: Trung niên - Lối sống lành mạnh
46.89161244321296,160.2945450201432,75.85381409222894,25.308623835559555,97.16276377581302,98.28623784983394,10.370229204198798,128.92907174813377,71.33887179266101,120.01849767982316,10.483187206771085,5.29518041775497,2.4270335498679576,1.425844992158204,1.403347427212521,1,0,0,3.106608344328413,3.8693354255967662,0.6378851941875096,1.7021720896843935,3.7137139358606004,0.6061514056114835,0.9885693653699777,1,Cụm 3: Trung niên - Lối sống lành mạnh
55.82615406874881,163.02090962667623,66.5718274625289,25.0,90.29875457773647,94.41124871383104,8.85507786192616,118.37463018930076,78.29531880547215,137.3001574553105,12.414667661353638,5.195807176598263,3.126788282600168,1.290262474545998,1.9925592000950685,0,1,0,4.208730431257299,3.905544702052265,0.9057087273159401,2.423373805163468,4.02693814560987,0.553909034028358,0.956440634012162,1,Cụm 3: Trung niên - Lối sống lành mạnh
46.0177903783212,163.89405144306096,72.3512243940378,27.80039806894322,88.2142181472164,98.11893162379468,11.292782164746823,127.55624764252994,71.82850845747403,125.15321562982352,7.0942346678697,5.082803612806669,3.154505767978286,1.3632017268532644,1.1804079041857245,0,1,0,2.1922624225097924,3.7196018859534044,0.5365490473571475,2.3140417928166537,3.72857773921657,0.5382392916064024,0.8990540019885795,1,Cụm 3: Trung niên - Lối sống lành mạnh
58.4758570252647,166.61725342012122,61.14251597403637,28.516722263036016,93.07294072659948,97.19102004560686,11.48708497803178,127.3035735173769,80.64811670605019,118.42478503473136,17.36561830731899,5.479398072289423,3.3114185160545424,1.4286511334085907,1.6371216490259175,0,0,1,5.077826209973942,4.050746938880833,0.7441462041026897,2.317863639777399,3.835364662621472,0.558603258762875,0.9576290143155718,1,Cụm 3: Trung niên - Lối sống lành mạnh
53.66545419814523,162.68671686953945,77.0502185706675,26.10288551359904,97.1918372574711,92.79949891486652,12.69410634536721,118.8455954862778,74.72578897635296,120.17517021771816,11.394288099578551,4.595531081415898,3.137495759283032,1.3498132217797176,1.5642011221704264,1,0,0,3.3810136095717844,3.245717859636181,0.7110005100774665,2.3243925223567374,3.4045681337724107,0.5974171655047318,1.0473314877123858,1,Cụm 3: Trung niên - Lối sống lành mạnh
53.52991922655027,168.2342113969461,77.00036909220077,26.125919768525183,87.02550202081682,93.1351766425724,12.47777488164838,128.05404699583073,75.93583581919053,123.91490355085712,14.32163768266978,5.022843868369893,3.7553723891499713,1.2108011285912683,1.5625163322735631,1,1,1,4.381887289230486,3.812042739778625,0.7102346964879832,3.1015600336607196,4.148364045723863,0.5172877817073808,0.9343999244753369,1,Cụm 3: Trung niên - Lối sống lành mạnh
53.21640600248329,163.6472718964553,71.61746253083162,27.20381528916019,88.2279213657008,98.12508981768606,11.696092347614954,125.5271400708847,76.72306431808607,127.27304964339294,11.259929511526243,4.741418995944422,3.21489506447055,1.2446213956413357,1.632742132261226,1,0,0,3.5384828832137893,3.4967976003030867,0.7421555146641936,2.583030530994496,3.809527148214608,0.5391346909927428,0.8991372291187304,1,Cụm 3: Trung niên - Lối sống lành mạnh
50.73194293599711,172.90961145387456,78.28443555841562,25.718220984885228,90.5103365459097,95.820547618846,11.97046825700452,127.2267180492457,78.34872736765364,125.79659051843744,12.763122220155,5.3114707163978085,3.466083719773098,1.459702278913524,2.124343392437908,0,1,0,3.9643389127545894,3.851768437484284,0.9656106329263218,2.3745141525386604,3.6387356470740095,0.5234546291838396,0.9445817081524183,1,Cụm 3: Trung niên - Lối sống lành mạnh
52.66625358910261,175.21744039791636,69.17137889439238,25.60743121908205,89.22879661414255,93.34387427737148,10.821814250152032,119.9515942640569,79.09003889228663,117.0373210728028,14.91756445538377,4.358330592422749,2.9329611573389136,1.5270966595531088,2.025138854751593,1,0,0,4.310893285898718,2.83123393286964,0.9205176612507241,1.9206126468754234,2.8539978561004613,0.5092460910940441,0.9559148610973552,1,Cụm 3: Trung niên - Lối sống lành mạnh
50.923309936646575,168.75979873219907,70.75128687032502,28.09938888197955,89.23985086686851,93.01367924109266,9.58906246641694,124.97561252367124,82.86167854075575,135.41921486429948,14.265337201109997,4.990170647042457,3.1862270418568404,1.501033972938886,1.7570673295018735,1,0,0,4.769878428515553,3.489136674103571,0.7986669679553969,2.122688159827923,3.3244888103845933,0.528798040393975,0.9594271680787689,1,Cụm 3: Trung niên - Lối sống lành mạnh
53.14921982932144,171.2383843476677,77.66982432191281,27.69069665117543,84.77057780317678,95.48967660805512,11.193265460857091,116.62804650640454,77.04464467272356,125.87175856394208,11.524815203322776,5.1173335404744815,3.6142710285086777,1.3878587139690444,2.1034058679647623,1,0,0,3.581848782139984,3.729474826505437,0.9560935763476192,2.6042067482304923,3.687215052200639,0.49504425147498404,0.88774599322526,1,Cụm 3: Trung niên - Lối sống lành mạnh
51.38894041927385,182.82499164738124,72.14053822518527,28.74673832947716,94.16169931592052,102.97741917887284,12.231088156353332,114.05353956610126,80.7465114767783,121.92972300610543,11.66321651190584,4.668377752759179,3.078691462593108,1.215624087757997,1.5544257112084066,1,0,0,3.5113401448318875,3.452753665001182,0.7065571414583666,2.532601561286276,3.8403136296592923,0.5150373505692939,0.9143917187549697,1,Cụm 3: Trung niên - Lối sống lành mạnh
48.6389554506948,159.79177720197077,75.27058721898776,25.0,93.28552176004372,94.60068787115216,11.839633043794258,124.93372791937487,88.62403531628249,134.69811653387933,13.940858283059796,4.780833488722452,3.2076704292585694,1.3592378131872558,1.5204291535632106,0,0,0,4.636561366898483,3.4215956755351966,0.6911041607105503,2.3599037623423325,3.5172899417151657,0.5837942564599826,0.9860977109077714,1,Cụm 3: Trung niên - Lối sống lành mạnh
48.878282151214734,159.36572329103927,72.76562686286827,26.02630626963408,86.15402780068723,96.64892184696964,12.052568806991236,129.2526892304259,80.3867274596713,118.64215668213429,16.600213971263827,5.005382643480237,3.4442560347412425,1.5474706158340508,2.035899164811648,1,0,1,4.862926387495401,3.457912027646186,0.9254087112780217,2.225732753500375,3.2345574722156853,0.540605759014752,0.8914121974076479,1,Cụm 3: Trung niên - Lối sống lành mạnh
48.53718287412249,172.86498530543813,73.52921621850406,27.20176934340418,97.20018515984684,97.11157715075804,10.538693175543898,125.43821566419284,78.43428573873929,115.5237687149784,12.318290511491307,5.334283732804517,2.9273311439425096,1.4342186056547772,1.9649108073306616,0,0,0,3.513716898798604,3.9000651271497393,0.8931412760593915,2.0410634281278672,3.7192961461890994,0.562289609940973,1.0009124350740515,1,Cụm 3: Trung niên - Lối sống lành mạnh
54.40270219580293,181.62579986260332,73.74775092022502,25.39156872533845,97.98382310225672,92.18089443403224,10.733343794377893,124.01449271225134,76.33896921825097,135.83341212619115,15.847852443776508,4.638495769994531,2.5015319000042417,1.3351026972779354,1.7049341496041692,1,0,1,5.315229314347062,3.3033930727165957,0.774970068001895,1.8736625318070828,3.4742614028506535,0.5394818532189796,1.0629515335455684,1,Cụm 3: Trung niên - Lối sống lành mạnh
49.63766016262271,166.17651006642893,72.05008821390909,27.74253115573197,89.4718305757696,89.65367006462921,11.632110585737523,123.45609645975308,78.38583959102886,140.16571494685235,11.450896341852811,4.69954252086886,3.2266720961137105,1.435435027940946,1.5361347765754674,0,0,0,3.9630199321928283,3.264107492927914,0.698243080261576,2.2478705293559664,3.273950007761828,0.5384144277672176,0.9979717563293447,1,Cụm 3: Trung niên - Lối sống lành mạnh
45.75369051674542,180.08783689553132,77.09612057180061,28.616940630839498,96.18292006841952,92.59843706105708,10.396191126589494,120.0584557385062,75.96422879736708,123.6913278694402,13.837645889712828,5.39395571986412,3.446600750807401,1.2076725752061277,2.184932968759485,0,1,1,4.226164925149829,4.186283144657993,0.9931513494361295,2.8539198633529694,4.466405738280072,0.5340889297494038,1.0387099730959706,1,Cụm 3: Trung niên - Lối sống lành mạnh
52.680515997546415,168.67503603155444,72.44422956623023,25.90496304165898,90.09450768253168,97.6933095112252,10.433139516080397,123.30162593292113,80.0063149933932,126.60420994457998,14.136036687187795,4.904458610028057,2.7445662705324088,1.2765194346582158,1.3899743622630454,0,0,0,4.418967300071626,3.627939175369842,0.6318065283013842,2.150038766364147,3.842055574611139,0.534130656214459,0.9222177867992036,1,Cụm 3: Trung niên - Lối sống lành mạnh
56.03355268776875,163.23378902572642,75.662305568978,26.83788791034055,92.73390778573872,97.05432423166164,11.409578683652942,126.19758010719,79.42840448523788,118.89934699835366,11.113804154987678,4.727861336054258,3.351065969183201,1.2298970330773211,1.67039351616411,1,1,0,3.2627754486311717,3.497964302976937,0.7592697800745953,2.72467196770002,3.8441115060052566,0.5681048534082819,0.9554845548601174,1,Cụm 3: Trung niên - Lối sống lành mạnh
53.80924956753258,161.06515327953608,71.94021359312796,28.96342803512168,89.17483252742682,99.51462627660426,11.965085691788287,122.34149995239716,71.49823272678772,126.96444785170374,10.43956900408994,5.255039679025921,3.3530899162018613,1.416348618201812,1.8771441318794744,0,0,0,3.272726208429728,3.838691060824109,0.8532473326724883,2.3674184964849436,3.7102727474664317,0.5536568941927478,0.8960977482803619,1,Cụm 3: Trung niên - Lối sống lành mạnh
49.68002930433487,172.40589509420752,67.9123788680777,29.4789073625285,99.84988033211796,97.09199957983648,10.81256559200471,127.67764084226098,79.00104697981877,123.59606315388162,14.22450353978793,4.829131050968714,2.4679511222654087,1.4456924199664112,2.2705412021078617,1,0,0,4.340969476138868,3.383438631002303,1.0320641827763006,1.707106634980315,3.34035856055807,0.5791558361595299,1.0284048198020037,1,Cụm 3: Trung niên - Lối sống lành mạnh
46.72956485321473,161.59528652552112,80.14604824629582,27.898701876590607,91.06393970434536,96.26680283412318,9.656172646735634,125.18188765239071,82.83251209424004,126.211100919755,10.870611288207112,5.359597537368571,2.869113410277968,1.341540876736196,1.915775053018305,0,1,0,3.3876341193958908,4.018056660632375,0.8708068422810477,2.1386701367297642,3.9951056507557285,0.5635309151790354,0.9459537142960606,1,Cụm 3: Trung niên - Lối sống lành mạnh
51.08719568992747,168.5689378993692,78.08150692547703,27.670143759790413,92.54257157988212,94.28895090029948,10.169035301948604,125.72640737998032,77.66910851729038,129.7908087131807,10.14502533734242,4.767697868057101,3.031251365780501,1.255248438791252,1.9400761632533248,0,0,1,3.251187760368843,3.512449429265849,0.8818528014787839,2.4148616896105928,3.7982105539586892,0.548989468244306,0.9814784308899145,1,Cụm 3: Trung niên - Lối sống lành mạnh
51.01232836570987,179.08425517768865,87.02728234398835,25.499395197972632,89.6922191438766,100.24342715945076,11.296406501871717,128.29898239097932,76.78086129655954,119.23898165378408,10.56580615909503,4.944141903361252,3.0961127999294287,1.357630108775845,1.6776540749629685,1,0,1,3.110755473485855,3.586511794585407,0.7625700340740765,2.280527501501236,3.641744442320384,0.50083810581161,0.8947441411915114,1,Cụm 3: Trung niên - Lối sống lành mạnh
48.58240116905871,165.8525372499004,70.3640078000087,27.31881410068676,98.61460459032736,93.02827944511714,11.281825156639158,121.92960055305254,74.24404729409102,124.393320625372,10.8624984858424,5.330740082886056,2.9270597205696047,1.3016104131191433,1.9621200563186496,0,0,1,3.33635125170867,4.029129669766912,0.8918727528721134,2.2487986351886042,4.095495878917884,0.5945920769468758,1.06004975238208,1,Cụm 3: Trung niên - Lối sống lành mạnh
53.14311190672761,177.1980663225073,74.53906956333984,27.6152312611625,98.70315126131293,92.26340193081592,11.341485765186418,127.26721263784128,72.56302785431458,114.29953004755274,13.64695937194458,4.920808695089187,2.910899158925345,1.2644595154367508,1.846327330219772,0,0,1,3.8514593649168174,3.6563491796524366,0.8392396955544418,2.3020896465158125,3.891630087808319,0.557021604748606,1.0697974407590767,1,Cụm 3: Trung niên - Lối sống lành mạnh
57.02987950249142,159.49819557191515,74.94133459572096,26.464444762158436,97.80825213442029,98.9732220695524,11.677554348714906,122.56085477236611,81.97572243472139,124.44108901120696,12.9638105092456,5.264618662727527,3.651444867354628,1.4006792422371095,1.4228838648956106,1,0,0,3.9832856728529675,3.863939420490417,0.6467653931343684,2.6069101027889046,3.7586183217216,0.6132248191505096,0.9882294431688458,1,Cụm 3: Trung niên - Lối sống lành mạnh
52.156848152374856,164.2626362907824,80.53071919141064,25.88783561816651,95.44754121921667,91.37237075738538,11.05897267025094,125.82781517718476,78.43082584647281,126.271961503581,13.365041652209008,4.977058337626648,3.1177322604423274,1.2690409332977592,2.018233713373277,0,1,0,4.166987716053067,3.7080174043288885,0.9173789606242166,2.456762566626213,3.9219052806225476,0.5810666587029123,1.0445995920654374,1,Cụm 3: Trung niên - Lối sống lành mạnh
51.97142862099654,158.14999181649557,73.04833252933695,25.0,89.91323658573081,106.36416399463452,11.370067253808374,121.39402892213543,81.76807546701198,128.52887697542752,12.77648478488939,5.69359213224001,2.941486901955078,1.1720380320443091,2.0625983474617127,0,0,0,4.054684545914741,4.521554100195701,0.9375447033916875,2.5097196691001873,4.857856124608047,0.568531402075941,0.845333928354539,1,Cụm 3: Trung niên - Lối sống lành mạnh
48.67831585349853,168.5109772918135,69.72866272912071,25.0,94.99747533586846,97.02497352223658,10.99796781260536,120.2018327962087,84.42563310602814,128.60303578254246,10.746044838199948,5.549072511435997,3.137649156926235,1.1987062635564176,2.0208412622052907,0,0,0,3.412281453945268,4.350366247879579,0.9185642100933139,2.6175296253288995,4.629217916132819,0.5637465099461124,0.9791033368753927,1,Cụm 3: Trung niên - Lối sống lành mạnh
55.68224410918112,173.46054725801608,81.622918542305,25.0,92.07535020376342,98.09662446529954,12.430480179515326,124.71339135541822,82.29036689718622,133.253459255158,13.32793087450977,4.535166308148188,3.311127249918343,1.167608743982086,1.8283319814164505,1,0,0,4.385167638869259,3.367557564166102,0.831059991552932,2.835819162013011,3.8841489767207236,0.5308143647604477,0.938618945408605,1,Cụm 3: Trung niên - Lối sống lành mạnh
51.26456749956995,168.5263096132433,74.00062185369384,27.64916385930089,96.6934301760992,93.47132070190644,12.770810437461002,115.81659976590495,77.16769687496422,116.14833436508675,14.298632815903831,5.182785288436803,3.1654879130133624,1.3897014299891446,1.5809557792125883,1,0,0,4.100647864852347,3.793083858447659,0.7186162632784492,2.2778187060209683,3.7294235845157675,0.5737586635463875,1.034471637396336,1,Cụm 3: Trung niên - Lối sống lành mạnh
49.75311023441749,176.58935041979106,79.9770895486302,27.001548987840167,96.00565718677876,95.4439406230338,9.625186461143958,122.96679650421002,79.57303682630145,116.52206079034794,13.102731594931845,4.714258604864636,3.088281722751608,1.3780486525811395,1.2427040671787837,1,0,0,3.7697710800599036,3.3362099522834963,0.5648654850812652,2.2410542015096016,3.4209667387538483,0.5436661778218933,1.005885303562261,1,Cụm 3: Trung niên - Lối sống lành mạnh
51.68106518095485,162.7557453155961,79.39486400396105,26.05428330268836,89.82757047673425,94.9979715324706,10.745697669477297,117.07130347475868,76.9142949719508,130.62870555474765,12.833036975944928,5.067027428577456,2.954994999398864,1.3720624113409796,1.8592634013503628,1,0,0,4.13916792223185,3.694965017236476,0.8451197278865284,2.1536884728959316,3.6930006876474497,0.5519164334417294,0.9455735636000492,1,Cụm 3: Trung niên - Lối sống lành mạnh
52.90588399973983,169.57739927582347,75.43441963048849,26.282815553413045,95.41739030993024,94.53766004932544,11.091269389848849,127.80655315441123,76.58699038089418,112.65327106096208,10.399616149551871,5.023929720258591,2.95136074635972,1.4305277982975932,2.0904855149352124,0,0,1,2.892717967964014,3.5934019219609983,0.9502206886069147,2.0631271547969927,3.511941345171582,0.5626775190409105,1.0093056064656751,1,Cụm 3: Trung niên - Lối sống lành mạnh
51.90764622593471,164.307714734703,74.71230347482624,27.095705812295726,94.48712057515374,99.2368470060393,10.731702345582814,129.0254976824901,80.26585306840919,128.20910148473493,12.35735932064218,4.63061454401763,2.970657484054392,1.503035062734054,2.0688831172707705,0,0,1,3.91191588944086,3.1275794812835755,0.9404014169412592,1.9764392446379129,3.0808426621761167,0.5750619849330626,0.9521374713709263,1,Cụm 3: Trung niên - Lối sống lành mạnh
55.10846018701178,170.5317360979656,73.62604796835096,26.53315539348711,82.39252997980293,94.90669584709887,13.203507109597048,120.41221950360637,76.1529714090864,118.66394942287072,10.293242503795822,5.370469590235613,3.251644380243221,1.2889280163009862,2.024018210848462,1,0,0,3.015893352759927,4.0815415739346275,0.9200082776583918,2.522750952046889,4.166617159620743,0.4831507135567469,0.8681424344657713,1,Cụm 3: Trung niên - Lối sống lành mạnh
52.64191465764059,171.52615232348697,75.50790635615004,25.0,94.90327823870312,100.77500491633673,11.320746333707682,126.22740833113072,71.33396933318954,137.93570248642027,11.885669446532017,5.071156030249176,2.851745972279464,1.4087772972686103,1.8014472553626524,0,0,1,4.0480448509352485,3.6623787329805655,0.8188396615284783,2.0242702503855896,3.5996860824498813,0.5532875130302103,0.94173429529963,1,Cụm 3: Trung niên - Lối sống lành mạnh
42.7436372199913,163.7667873482325,93.70938995153024,32.99254419875335,103.5259718774999,114.5779508886989,14.783919685976691,140.17888372711704,87.31536625199988,127.85941554633874,22.68895581274294,5.130721794855361,3.7084288585630816,1.0076908571357766,1.86567932694488,1,0,0,7.162954640923499,4.123030937719585,0.8480360577022181,3.680125538802429,5.09156330884924,0.6321548682356639,0.903541833961275,3,Cụm 4: Trung niên - Béo bụng & Nguy cơ tiềm ẩn
44.10363857247807,152.56103760030652,97.24370659767705,31.26386542033752,107.25190305118744,111.35551516508592,12.700081956940126,135.6093301323924,86.24755463096683,143.65400400903405,19.92216061640896,5.923767218357243,3.6183941562721618,1.022102102028699,2.209865626701032,0,0,0,7.066415163106748,4.9016651163285445,1.0044843757731963,3.54014941275462,5.795670712935206,0.7030097902989876,0.9631485507671997,3,Cụm 4: Trung niên - Béo bụng & Nguy cơ tiềm ẩn
43.37767901887999,174.27946337820993,92.533082603446,31.48050326678485,96.03373305046168,115.98732671061867,12.94831694069706,131.47073475302915,87.43931059025086,128.29106201974497,19.291575213858003,4.558911213477892,2.938142164555681,1.2137211100338168,1.946803121127029,1,0,0,6.110954746221314,3.3451901034440756,0.8849105096031948,2.420772070507877,3.756143957445769,0.5510329856941063,0.8279674665669293,0,Cụm 1: Trẻ tuổi - Béo phì & Kháng Insulin
36.46209888175739,176.92412528895105,96.05394212592982,30.709952536729038,103.9009443834693,107.54723609013706,13.509267306140233,136.25156887826816,88.90741413780502,146.44327988340623,15.591477538772503,4.8320415309262295,3.4554439701056605,0.9240885248614196,2.298403616057774,1,1,1,5.637696565447663,3.90795300606481,1.0447289163898972,3.73929972847986,5.2289812078889994,0.5872627275323765,0.9660959050252881,3,Cụm 4: Trung niên - Béo bụng & Nguy cơ tiềm ẩn
42.430601108274416,172.56065393937655,100.6603922285038,32.05284124443784,103.80813250218904,113.10641751468036,11.154803404143962,132.13409360401454,86.49066944073398,133.0533074527544,15.5674711369221,5.724101089112869,2.756532425187557,1.3015164891572886,2.1786784371881405,1,0,0,5.1143296875130275,4.422584599955581,0.9903083805400638,2.117938918293973,4.39802425616531,0.6015747514416501,0.917791711409439,3,Cụm 4: Trung niên - Béo bụng & Nguy cơ tiềm ẩn
40.565780697219054,160.0362003070263,95.71758773053487,30.82735704871378,110.50918222372955,111.73174173487486,14.721017589755528,131.07429833876583,85.72231296929397,146.17807450832493,18.729517336132883,5.850195820238207,3.364080470618111,1.1610215386753215,1.6778739466404864,1,0,0,6.760110569546163,4.689174281562886,0.7626699757456755,2.8975177105296344,5.03883487546066,0.6905261560304473,0.9890580824019884,3,Cụm 4: Trung niên - Béo bụng & Nguy cơ tiềm ẩn
43.645634256725536,166.58955926236737,91.84558297820864,32.9596917198618,104.302423659005,111.98858032533468,12.920794555707364,129.00536799295156,82.12026082168548,139.79651903041494,18.43512876738566,5.163799071498401,3.919330105023793,1.569171156351368,2.3337438960554224,1,0,0,6.363374887797479,3.594627915147033,1.060792680025192,2.4977072062279095,3.290781283225503,0.6261042055747065,0.9313666032375725,3,Cụm 4: Trung niên - Béo bụng & Nguy cơ tiềm ẩn
52.07577700781023,167.9543507933938,95.82448237042377,29.42120026209884,106.99046144659326,116.02191400042707,14.63622827890693,126.31677036961725,82.71122732722831,134.08503157390277,16.915841241832545,4.766331554115675,3.065632184819304,1.4569499500739331,2.3726996613979274,1,0,0,5.600397795087021,3.309381604041742,1.0784998460899669,2.1041437865890575,3.271444948313981,0.6370210771033004,0.9221573559474241,0,Cụm 1: Trẻ tuổi - Béo phì & Kháng Insulin
44.22244499642291,172.19156072693335,91.32347916548444,31.560555491321303,106.14439999030613,113.8624684111192,11.798360405371213,132.4453433204825,89.35757117062064,131.4082253972171,18.426051771073297,5.933545225633206,3.099703086352525,1.158226111690298,1.9215343312912867,0,0,1,5.978604356330843,4.775319113942908,0.8734246960414939,2.676250392791494,5.122959295895926,0.6164320686925718,0.9322158694738137,3,Cụm 4: Trung niên - Béo bụng & Nguy cơ tiềm ẩn
42.17941094148281,172.67838342102655,90.71855521642476,32.55166100878761,98.1930173206748,112.0873946513001,14.85967430706939,134.9112407046406,90.23117391997091,132.6576448585774,21.321340227936368,5.758054837112219,3.579208934471858,1.1672395596962422,2.275047885723748,0,0,0,6.98379945646045,4.590815277415977,1.0341126753289762,3.066387619181873,4.933053193134298,0.5686468414593585,0.8760397868658628,3,Cụm 4: Trung niên - Béo bụng & Nguy cơ tiềm ẩn
45.88540450593175,162.86078340855053,88.84196882143132,32.37575177448376,108.33872525821108,104.31295025508682,13.60818659284174,133.76519348493298,84.3706134729078,138.04221684662664,19.53489132094977,5.437631445716781,2.887159545437106,1.2994697816802434,1.9558754406477,0,0,0,6.658369639016872,4.138161664036538,0.8890342912034999,2.221798141164887,4.18450011102667,0.665222916105186,1.038593242672934,3,Cụm 4: Trung niên - Béo bụng & Nguy cơ tiềm ẩn
44.56806366162763,168.57396889489493,98.41610679416053,36.139550495970745,106.403887769097,107.09231481888214,13.34164810302283,132.32814882423688,85.36500961538646,135.584095473524,15.8620693523437,4.915659177871904,3.1601734910344885,1.3843807131901644,2.194417594187084,1,0,0,5.31023290240945,3.5312784646817392,0.9974625428123108,2.282734410357531,3.550800102194625,0.6311999917106972,0.9935716484329483,0,Cụm 1: Trẻ tuổi - Béo phì & Kháng Insulin
44.38028347135552,171.2009628323067,86.50689667028998,32.62470003685186,107.42894023886107,110.4416642656171,12.958829345223778,129.94414272686447,82.03784968752181,130.88732014351905,17.92106871756329,5.182839730706688,3.5289323412745257,0.983436513107678,1.8538753982612584,0,0,1,5.791705329752372,4.199403217599009,0.8426706355732991,3.5883682314408203,5.270131484470529,0.6275019629655293,0.9727211279657078,3,Cụm 4: Trung niên - Béo bụng & Nguy cơ tiềm ẩn
44.94055177964701,178.19075625502737,98.26087862339055,30.593918104736986,119.39183197252714,111.3059894971066,12.379765658310662,136.93710786258234,89.30864895843605,133.88458012777656,16.534153410144054,5.143873971634309,3.1597142456931797,0.9656349441574376,1.7217233868663555,1,0,1,5.465847375519461,4.178239027476872,0.782601539484707,3.2721622853553427,5.326934368683792,0.6700225897332914,1.0726451695183101,3,Cụm 4: Trung niên - Béo bụng & Nguy cơ tiềm ẩn
49.28963069448862,172.93154577877306,93.09836061870185,31.95680362936639,98.35560471175496,106.41168510130431,14.118637990168647,128.27290636024037,87.53295888292122,135.59403920803402,17.368686539032055,5.3157979566154525,3.2792090038367085,1.1053558233334742,2.074295702596758,0,0,0,5.81503793472979,4.210442133281978,0.9428616829985262,2.96665465962575,4.809128286477334,0.5687545570059195,0.9242932730378254,3,Cụm 4: Trung niên - Béo bụng & Nguy cơ tiềm ẩn
39.72733469402225,173.52339681162863,83.60250912599028,29.435630499800325,111.68643827416388,120.57920670231368,12.846431843817657,137.69212561229563,91.99826102762312,120.1428613390963,17.316855040589893,5.707850503345968,3.5732557130945106,1.2499285099808637,2.139067763431291,1,0,0,5.137028429557586,4.457921993365105,0.9723035288324049,2.858768069182786,4.566541572392292,0.6436390730375515,0.9262495692967669,3,Cụm 4: Trung niên - Béo bụng & Nguy cơ tiềm ẩn
44.54089623043436,168.58678639550553,92.4372864649571,31.97910037605486,104.64393368209876,116.9980762210143,10.317516355695416,129.69002341482974,82.1298692298709,138.25117680352088,17.188795206641167,5.507795964398091,3.4764638250609683,1.2396248308609117,2.070580076596349,0,0,0,5.867583123834223,4.268171133537179,0.9411727620892494,2.8044483609178643,4.443115229123768,0.6207125476406171,0.8944073019151354,3,Cụm 4: Trung niên - Béo bụng & Nguy cơ tiềm ẩn
40.34085661005538,177.87321401642453,80.09890746174187,30.850415914498864,106.65565116541052,113.34097328156994,11.337376245951598,130.8140414319113,83.88097235343623,128.18595142698234,15.633815627902386,4.822918373055335,3.4300455188886207,1.308372574598062,1.87399236044436,1,0,1,4.948235878263439,3.5145457984572728,0.8518147092928908,2.6216122115998544,3.686196475447337,0.5996161465635973,0.9410158398803294,3,Cụm 4: Trung niên - Béo bụng & Nguy cơ tiềm ẩn
44.78653793902674,170.8683395717165,93.72658008415516,33.47308541334024,105.49070714144564,111.220647445135,12.454985097368704,127.59946664222944,86.0140607288395,126.97067317755976,17.888777008812795,5.681773757506838,3.2482633162189885,1.036036296596163,2.070025234467216,0,0,0,5.608271750943739,4.645737460910675,0.9409205611214618,3.135279455836604,5.48414546495521,0.617380068220124,0.9484813257671788,3,Cụm 4: Trung niên - Béo bụng & Nguy cơ tiềm ẩn
40.36394046554172,161.972384628785,95.02519741494494,31.275689588106697,104.16517283310684,110.0836641203954,13.049998779798669,131.94369033901464,87.4667133820402,123.232589570225,17.022871098154557,5.3095962490046045,3.461018334580687,0.9020627364437348,2.2373236881451835,0,0,1,5.179685153940064,4.407533512560869,1.0169653127932652,3.8367822932419338,5.886060951743776,0.6431045210073117,0.9462364254080817,3,Cụm 4: Trung niên - Béo bụng & Nguy cơ tiềm ẩn
41.86789955918474,177.82358979087633,87.63726022173972,31.92485112630713,103.65558475116435,107.12482615991108,12.610093813320123,138.5889060631509,84.44916326858328,122.48675251492476,12.285188991844642,5.44047302855062,3.312880195970073,1.2829617034362577,2.1587767424693656,0,0,0,3.715488650970747,4.1575113251143625,0.9812621556678933,2.58221284945367,4.240557620682653,0.58291245201531,0.9676149634673106,3,Cụm 4: Trung niên - Béo bụng & Nguy cơ tiềm ẩn
42.23473025728628,172.8853229077732,91.2167784797779,31.1466632378934,106.80328057450554,111.24242207407544,14.140764947752396,136.5203263979978,82.14863618341204,125.55586747821395,22.250030420852504,5.713289300747511,3.4873416829777355,1.0806164472441715,2.2156252576498034,1,0,1,6.897831780016756,4.6326728535033395,1.0071023898408196,3.227178053666761,5.287064911252975,0.6177695062725507,0.9600948863140186,3,Cụm 4: Trung niên - Béo bụng & Nguy cơ tiềm ẩn
46.04745015803413,164.89869185210063,100.3698271687514,34.70827702778,100.33989206164912,111.963510160571,10.336677763153652,138.60289950412616,88.28892635123249,130.08085329658655,20.321625680282523,4.810946912670257,3.2009203924646066,0.9377814562733634,2.002471199886441,0,0,0,6.5270479231233995,3.873165456396894,0.9102141817665641,3.4132903471824867,5.13013653712925,0.6084941665373854,0.8961838720289135,3,Cụm 4: Trung niên - Béo bụng & Nguy cơ tiềm ẩn
45.87536333182724,164.6435492282053,88.0703064786903,31.618135850823133,108.2770270863262,105.96545769807352,12.850305523806194,136.5496414567027,87.72797376890954,148.71681396268596,17.391484921999186,5.1874610474527385,3.295229307686138,1.1974076495151258,2.46292947867904,0,0,0,6.38618821649336,3.9900533979376127,1.1195133993995634,2.7519694809203004,4.332243116664013,0.6576451224107669,1.021814367044391,3,Cụm 4: Trung niên - Béo bụng & Nguy cơ tiềm ẩn
39.38284787066085,170.07602881598532,85.30450206471698,34.848835565218806,104.19331958290162,112.2692056689796,10.496424929535417,129.23348577161332,81.99704064802695,131.36284226873354,18.181724471330373,5.013990907024275,3.053012662234396,1.2751810825862413,1.8759566658613047,1,0,0,5.897291367656653,3.7388098244380337,0.8527075753915021,2.3941797003782943,3.931983445719895,0.6126278953492861,0.9280667745179445,0,Cụm 1: Trẻ tuổi - Béo phì & Kháng Insulin
43.28480233299955,171.2422935668731,98.00735701231298,33.3212276431774,101.69475731335876,110.311463804701,13.589654754581003,132.71144849052598,89.94804980386922,136.2882507438762,15.800777677214054,4.6512492011220905,3.339497716998129,1.1653531441454468,2.2918900742716795,1,0,0,5.317186049433063,3.4858960569766437,1.0417682155780361,2.8656529857710917,3.9912787162322805,0.5938647234577316,0.9218874793775057,3,Cụm 4: Trung niên - Béo bụng & Nguy cơ tiềm ẩn
40.99126043575248,169.38104585941844,100.41197595265396,32.82310009100308,104.07495499701466,103.30126976849044,12.564649542669596,130.6891039189714,89.2996954821881,137.84736970554428,21.53553212747091,5.3213484921617225,3.106699740911347,1.1250581936581012,2.4654727732399904,1,0,1,7.329917182669404,4.196290298503621,1.1206694423818138,2.7613680416032373,4.729842884712904,0.6144427463471561,1.0074896003723683,3,Cụm 4: Trung niên - Béo bụng & Nguy cơ tiềm ẩn
39.344485267974,170.1791607141002,90.61751835923924,32.65309972097628,110.05002225901902,107.490959956882,13.181531966428942,140.18758706817567,85.67403774036727,135.96145630351091,21.9386637613954,6.079044793054548,3.015786064951402,1.1608765321424912,2.290227023187224,0,0,1,7.36496956630217,4.918168260912057,1.04101228326692,2.5978525549013605,5.236598918780088,0.6466715536569269,1.02380723274928,3,Cụm 4: Trung niên - Béo bụng & Nguy cơ tiềm ẩn
42.46894884872689,179.89970162203466,95.65635517704176,32.69069594732438,103.77632719544324,109.27807786631342,11.64134044729228,128.8144510910816,85.48259251831612,134.50189577491804,18.457473828342227,4.555972789422987,3.4275983443566167,1.135530068511906,2.1193689432337925,0,0,1,6.129790669451761,3.420442720911081,0.9633495196517238,3.018500733184837,4.012199162100143,0.5768565831947573,0.9496536654167654,3,Cụm 4: Trung niên - Béo bụng & Nguy cơ tiềm ẩn
42.19455163463254,175.5008020656442,97.3064195776544,29.208491130981585,106.90458766373368,118.48325062936075,14.213357917989304,138.22163960225097,87.14320219890567,126.67694365480529,20.191147660219865,5.188701786132685,3.413821932757298,1.01823434656718,2.037925738334255,1,0,0,6.315439196245742,4.170467439565505,0.926329881061025,3.35268786037956,5.095783503694992,0.6091401657739841,0.9022759512072517,3,Cụm 4: Trung niên - Béo bụng & Nguy cơ tiềm ẩn
50.40014945903656,169.33444913885518,86.88661883730806,31.681674908773868,103.09165303499584,113.15871249813505,13.928069596870625,138.21829241548946,82.18803925410309,145.20049283795447,18.494659929717024,5.424190027276171,3.584862120484572,1.0942383187611482,2.429021912761564,0,0,0,6.630700584358717,4.329951708515023,1.1041008694370746,3.276125556033539,4.957046316397708,0.6088049629550578,0.9110359313843809,3,Cụm 4: Trung niên - Béo bụng & Nguy cơ tiềm ẩn
44.41887947608208,174.5891740653724,88.17251082316065,33.36773695677648,108.30272647473268,105.59057372360044,13.378253163614266,142.43329090772238,85.30911017707429,147.6943765054652,15.470635494097316,5.243077370579663,3.2206623291274705,1.2425535886016577,1.8142562686845816,1,0,1,5.641792255417339,4.000523781978005,0.8246619403111733,2.5919705666392487,4.219598590093894,0.6203289926452158,1.0256855574838688,3,Cụm 4: Trung niên - Béo bụng & Nguy cơ tiềm ẩn
38.98714749773728,160.7723326753072,96.75341256577366,32.02665422478884,108.04927708576572,112.87664515767057,12.522579303763871,132.35641033316725,77.67065759386786,123.26538914114118,17.32043963392186,5.160405181619491,3.4724158540510266,1.21860142496518,1.927468934905089,0,0,0,5.271631435977835,3.941803756654311,0.8761222431386768,2.8495091035612785,4.234694852557671,0.6720638762141993,0.9572332428452158,0,Cụm 1: Trẻ tuổi - Béo phì & Kháng Insulin
41.42567798748717,170.78548934962765,99.02411139354254,29.99221522979464,112.12013091653743,104.74328404424654,13.37382874235416,137.40544971811073,88.27159475926027,127.87579986379532,18.40794230539309,4.745274272793962,3.5152392716820997,1.2001671767160185,2.0706105586270698,0,0,0,5.8121736941944135,3.5451070960779436,0.9411866175577589,2.928958015083152,3.9538444017260277,0.6564968215010819,1.070427874585016,0,Cụm 1: Trẻ tuổi - Béo phì & Kháng Insulin
46.1841498862882,180.66514444813177,93.41344430087176,32.0213933241338,105.03552619075276,115.2632642155483,11.82972891841518,144.46743326442478,79.73877372145348,133.08532760336095,17.234990934362287,5.281475360029058,3.4834321423494785,1.0605821821775945,2.4794134393779994,0,0,0,5.663517073433484,4.220893177851464,1.1270061088081815,3.2844528230686207,4.979788882729575,0.5813823497144356,0.9112662816344578,3,Cụm 4: Trung niên - Béo bụng & Nguy cơ tiềm ẩn
49.38532831860977,166.47367873225338,86.19996823248971,34.65615827438324,107.99029181665269,109.0480013927285,13.704666790824856,131.42061245379836,90.46596939950147,128.29223543562864,17.706779816979104,4.935132608044426,3.1023038951593573,1.15821962054372,2.264941909010224,0,0,0,5.608993494041285,3.7769129875007055,1.0295190495501017,2.678510914625153,4.260964432399836,0.6486928903057283,0.9903005138785942,3,Cụm 4: Trung niên - Béo bụng & Nguy cơ tiềm ẩn
38.36205006328612,162.06656249966642,100.5343455584972,33.97033757330208,105.99323638838632,110.55795524504332,14.657377073188703,127.29231888610435,84.04857967111742,138.58575887419104,17.961287256830946,4.433527403257506,3.394809044681357,0.9187521944268574,1.9279885603724387,0,0,0,6.1461200613463065,3.514775208830649,0.8763584365329267,3.6950214271859574,4.825596532069522,0.6540105173675446,0.9587119819054211,0,Cụm 1: Trẻ tuổi - Béo phì & Kháng Insulin
37.48022684458286,163.43537777984858,87.94418551094017,32.00699398595096,110.18555123652057,116.23568659016875,13.962732671975024,125.73995484741504,84.46316556324088,129.9460945831537,17.982329376118255,5.6181072771798055,3.4592420888163984,1.2014171996662466,2.092423073653774,0,0,0,5.769712281319719,4.416690077513559,0.9511013971153517,2.8793012866615983,4.676233433931622,0.6741842111133562,0.9479494161291433,3,Cụm 4: Trung niên - Béo bụng & Nguy cơ tiềm ẩn
48.73289552611534,160.3725687386033,88.92335109414273,33.527173915587134,103.13408664336944,105.783845725663,11.80247703623111,137.407204129876,83.00693132870423,150.1993924746462,18.248603352844142,5.535435036944715,3.3521535400723828,1.351462924937628,2.0164192139759263,1,0,0,6.767726264464153,4.183972112007087,0.9165541881708755,2.4803888277046813,4.095883752934017,0.6430905700055924,0.9749511935010817,3,Cụm 4: Trung niên - Béo bụng & Nguy cơ tiềm ẩn
44.28884253211271,162.5066666431061,92.31072917244808,31.550239469447924,108.2575185950705,105.34402725954804,13.111700780727723,125.72582406373635,84.19586394127272,143.37784016040516,16.022876239055975,5.218081341897878,2.724056702488675,1.0031041441549473,1.992552751941616,0,0,1,5.672408366205731,4.214977197742931,0.9057057963370981,2.715627004794724,5.201933789530683,0.6661727843622779,1.0276569200107013,3,Cụm 4: Trung niên - Béo bụng & Nguy cơ tiềm ẩn
40.5151218043709,165.4064433098698,98.36984210357386,29.54419261975992,104.96855946359162,108.598102694616,11.126230147489624,132.52456426177935,90.16885970801812,136.53201821442548,16.710054073593305,5.280176140871996,3.398146887192044,1.1096886792018692,2.414722389639195,1,1,0,5.633228165777471,4.170487461670127,1.097601086199634,3.062252459524163,4.758249984734189,0.6346098577728632,0.9665782077129758,3,Cụm 4: Trung niên - Béo bụng & Nguy cơ tiềm ẩn
44.723887258367306,158.1610308657495,94.8689198827611,30.71330101780567,105.42534138012026,115.08601540407729,13.364868373410811,136.1679093416753,76.49666970212722,142.23290384323812,15.574917840449238,5.576011304450447,4.013759311819173,1.2194928134452154,1.827064217684124,1,0,0,5.4697920779430875,4.356518491005232,0.8304837353109654,3.2913349447954636,4.572401938718718,0.6665696398350335,0.9160569249874754,3,Cụm 4: Trung niên - Béo bụng & Nguy cơ tiềm ẩn
35.21275678294936,168.1093283376472,92.67336750180954,34.4443331527623,105.9711336955693,104.85511569809265,13.218724095435048,135.0332899157346,89.67337885130866,142.78530297050114,20.099717471221577,5.278518879872329,3.2419882193729053,1.330341116131298,2.5721952139335933,0,0,0,7.086282095678636,3.9481777637410307,1.1691796426970877,2.4369600999785512,3.9677935349563125,0.6303703354446014,1.0106434291741186,3,Cụm 4: Trung niên - Béo bụng & Nguy cơ tiềm ẩn
43.13012651979148,174.31594021650653,92.91548265059052,31.689010377256047,106.53284138749338,99.60387760755772,10.434220392561404,136.11450188882876,86.38708218385597,131.09636758359227,13.932792488168529,5.51640614416646,3.131576870643404,1.126213046043982,2.377057422546156,0,0,1,4.509971569123097,4.390193098122478,1.080480646611889,2.7806256388554624,4.898190589732369,0.6111480181053771,1.0695652011384134,3,Cụm 4: Trung niên - Béo bụng & Nguy cơ tiềm ẩn
44.10346351852925,161.64570673897157,90.81661334321733,31.734924030937474,105.24319834907315,109.127864566364,11.283859387305164,135.20030435110382,80.97942423249974,129.33047928820622,20.451267058483023,5.095881229694153,3.46200456791342,1.0969299604880924,2.4427154176509243,1,0,0,6.530795483270896,3.9989512692060605,1.110325189841329,3.156085340556255,4.64558487164183,0.6510732667897069,0.964402618591254,3,Cụm 4: Trung niên - Béo bụng & Nguy cơ tiềm ẩn
45.892810418613486,178.63498746549237,93.38973757259252,31.65024270558768,106.40149614109684,113.13946319964369,12.33823332390748,139.95489615991025,81.44040662432766,135.59100144078752,20.916785166374865,5.659194308500881,3.4437134631399715,0.94372922291007,2.0542651219936854,1,0,0,7.002784808964389,4.715465085590811,0.9337568736334932,3.6490482434368046,5.996629299080376,0.5956363736507712,0.9404454743906894,3,Cụm 4: Trung niên - Béo bụng & Nguy cơ tiềm ẩn
40.07831214312238,171.57554461969318,77.95123961152848,34.956204884359515,111.17341320146764,115.73354699895532,12.31696830343101,129.9145762866754,91.0713755952287,141.0754528714856,17.539725197883936,5.312275004076439,3.707820549624925,1.1924125755169728,2.1325148202302224,1,0,0,6.109690556871318,4.1198624285594665,0.9693249182864646,3.109511444071606,4.455064558316397,0.6479560560212106,0.9605979950002842,3,Cụm 4: Trung niên - Béo bụng & Nguy cơ tiềm ẩn
43.37706148421008,175.2140640993684,89.116002704651,34.538938373043095,109.09907389965326,109.0798545516584,11.226627677497437,131.1535218769366,81.89472592020043,136.0174227905739,12.93781219619458,5.267918180262056,2.9726395532273338,1.4250491248172492,1.8117120463688217,1,0,0,4.345105855493436,3.8428690554448064,0.8235054756221916,2.085990932844894,3.6966572509825744,0.6226616251408927,1.0001761952110577,3,Cụm 4: Trung niên - Béo bụng & Nguy cơ tiềm ẩn
40.343726121821234,163.39515812303503,91.80564967458388,35.4281703501722,108.69204107373916,109.286793571536,13.144774475222622,130.7230324962813,81.16727321291414,124.005024624663,17.421465247914597,4.755478618950789,3.5694140757724977,1.213283015435761,2.0388343982332997,1,0,0,5.334195622383605,3.5421956035150286,0.9267429082878634,2.941946792596047,3.919513055445533,0.6652096813780435,0.9945578740270431,0,Cụm 1: Trẻ tuổi - Béo phì & Kháng Insulin
43.88615126702295,173.9816765894663,84.84396958190246,31.861432184399924,104.05561165891646,115.548102937023,12.979768330728616,137.93586315338175,89.18460089827654,129.42422889234408,18.015718049271538,5.300434549005598,3.5271266183754397,1.1773265224979543,2.293413711910788,0,0,1,5.757210904861368,4.123108026507644,1.0424607781412671,2.995877992191897,4.5020938946993,0.5980837390390827,0.9005393339571288,3,Cụm 4: Trung niên - Béo bụng & Nguy cơ tiềm ẩn
40.43396103291092,160.3564626972328,92.53065658905778,32.54343673312064,102.53765710120086,103.45353320121832,12.444877041625778,138.2517936477778,86.38893506700069,134.52618995483934,16.12288993199135,4.908815778876942,3.3073560389178365,1.2186498772920382,2.494015765445349,0,0,1,5.355434453363049,3.690165901584904,1.1336435297478857,2.713950988340566,4.028077194562905,0.639435763152253,0.9911469809519597,3,Cụm 4: Trung niên - Béo bụng & Nguy cơ tiềm ẩn
41.89569748251934,174.23173250585558,89.57668389506938,29.825036175868814,108.99355195383214,109.37841689926796,11.771050199809965,136.23051393693328,81.92126048212259,134.51434076971918,17.113649584232693,4.976601045715027,3.451606195376507,1.1786689595261677,1.8932107957993871,1,0,0,5.68402788144948,3.797932086188859,0.8605503617269941,2.9283932248152817,4.2222211805048735,0.6255665967746092,0.9964813447081587,3,Cụm 4: Trung niên - Béo bụng & Nguy cơ tiềm ẩn
40.13255381562931,169.20287537855472,99.37641849157744,34.31540163917741,108.71616377385428,111.69419555970023,13.936448551699876,139.52572150100465,85.96218741391615,148.85179523752865,21.20447676957588,4.914618530089358,3.658837244479507,1.0824382753287844,2.078623515753684,0,0,0,7.793393664750226,3.8321802547605737,0.9448288707971291,3.380180956154896,4.540322198599796,0.6425195998036407,0.9733376316385733,3,Cụm 4: Trung niên - Béo bụng & Nguy cơ tiềm ẩn
45.07340872547097,171.87275853989348,98.46413862607427,30.348330673098097,110.80434736512844,112.72937488514016,14.664488535705956,128.89881609680629,81.61386560725903,125.342084403207,19.473940696452654,4.826817773835272,3.611694614008535,1.2787935898813243,2.132175194941869,1,0,1,6.026924243056336,3.548024183953948,0.969170543155395,2.8242983407069713,3.7745088902761976,0.6446882467381215,0.9829234614139115,0,Cụm 1: Trẻ tuổi - Béo phì & Kháng Insulin
45.69535334996999,159.77083776062605,88.27001215440917,32.425163345643945,103.5360678091077,108.89327322723648,12.097726219384157,141.7025085019801,89.05687489447911,138.5831246928511,16.294958143092977,5.943669991055937,3.0070942063778814,1.2070913827734104,1.8210526994518783,0,0,0,5.5758178178001065,4.736578608282526,0.827751227023581,2.4911901860062895,4.923960253448064,0.6480285717987463,0.9508031556095348,3,Cụm 4: Trung niên - Béo bụng & Nguy cơ tiềm ẩn
42.41613829012776,161.73451110406376,89.84485144216652,30.454046208550736,104.84657970623878,111.07026404682335,11.943399699414217,141.05457379770516,88.91879837705596,145.467791758298,14.948888032658314,5.665968671695941,3.5960474560266453,1.1821135902320388,2.3178373104396,0,0,1,5.369337608278649,4.483855081463902,1.0535624138361819,3.0420489923652534,4.793083100062964,0.6482634967052768,0.9439662416039555,3,Cụm 4: Trung niên - Béo bụng & Nguy cơ tiềm ẩn
43.23471398488008,172.1805975277737,90.22930217195804,31.21669975989196,99.911805431161,100.97919058634804,13.267449198494395,137.51029898760584,87.0660216958768,150.94414821795957,17.490051736629635,5.872128625750491,3.3305934184902446,1.06295607672661,1.989002417064348,1,0,0,6.518570275737296,4.809172549023882,0.9040920077565218,3.1333311802937893,5.524337980016827,0.5802733110799239,0.989429652297774,3,Cụm 4: Trung niên - Béo bụng & Nguy cơ tiềm ẩn
38.77422575609936,161.3615639704306,88.34074261920188,30.84410635342545,104.27635112878696,108.2995063506646,12.248364744303617,142.21809508946976,86.46981371436455,132.21321803771227,17.717172813148302,4.771986743155553,3.3718622294046545,1.336420951832171,2.121152412205744,1,0,1,5.783813412732356,3.4355657913233824,0.9641601873662472,2.5230540008984357,3.570721288538152,0.6462279403036495,0.9628515830085964,3,Cụm 4: Trung niên - Béo bụng & Nguy cơ tiềm ẩn
42.22097005597964,171.24244404469383,91.57416492014062,31.188187108986277,109.13799678702809,112.74653485021788,12.51072335920412,126.74519556545,91.3681584370358,138.48400616904138,19.13648474657581,5.224938812468813,3.3719590973005085,1.2597643294399732,2.0570126570220304,0,0,1,6.543449559749558,3.96517448302884,0.9350057531918319,2.676658656305588,4.147552594056663,0.6373302915400072,0.9679942441868951,3,Cụm 4: Trung niên - Béo bụng & Nguy cơ tiềm ẩn
42.96938614887476,158.43003535477828,86.80762965556204,31.291315945276533,104.01726617270133,107.00332386298128,13.565583782069606,131.83998338681806,85.20290214585879,139.0323225003905,17.073452946713857,4.747272331178567,3.304927103360522,1.1136494995159236,1.9726653735700812,0,0,1,5.8611402871179346,3.6336228316626435,0.8966660788954914,2.9676546389120575,4.262806505316162,0.6565501670170785,0.9720937856649797,3,Cụm 4: Trung niên - Béo bụng & Nguy cơ tiềm ẩn
50.98237927308992,173.93721948866667,84.94596332531236,31.277596807612387,107.89167928320288,111.1684368863584,10.386772694991247,130.89113442693122,81.06744056102718,136.41237212087302,19.1670855225729,4.956506792981028,3.70751224913212,1.3002189824418324,2.1682387536298613,1,0,1,6.455870624142746,3.656287810539195,0.985563069831755,2.8514521778241937,3.812055399831671,0.620290927958825,0.9705243889818728,3,Cụm 4: Trung niên - Béo bụng & Nguy cơ tiềm ẩn
39.78409892267751,159.37233679662043,93.71259611950131,33.35000086767046,104.98323912900769,112.7199900032108,14.259962789823204,137.44665695690804,86.77715869491307,134.35208359132483,22.01439445196964,4.878655555804199,3.3248846120452367,1.1202914993937751,2.1160976053579943,0,0,0,7.302912996601043,3.758364056410424,0.9618625478899974,2.9678745343015063,4.354809046077912,0.658729370724982,0.9313630982935438,0,Cụm 1: Trẻ tuổi - Béo phì & Kháng Insulin
47.51253171625731,171.86609956375668,93.74668792110904,30.44270581040622,106.78419959877549,109.56230319656896,12.76521662919521,129.47436667179034,92.5051646733799,138.09582772650032,19.775088416737702,5.6338544022545465,3.014136161485049,1.0861595808986757,2.0770355294303338,1,0,1,6.742857292034868,4.54769482135587,0.9441070588319698,2.775039887777069,5.186949046283937,0.621322063337814,0.9746436181356174,3,Cụm 4: Trung niên - Béo bụng & Nguy cơ tiềm ẩn
46.11057632039742,172.379416535522,86.57746120170003,32.4308121405208,101.63308013564516,111.61435508398628,12.184208226525383,137.6087281720187,81.65234177384951,117.3182774034622,18.04790935718763,5.061319612664384,3.2319410432090816,1.0888356259023655,1.9878845945799144,0,0,0,5.2280237938742715,3.9724839867620187,0.9035839066272338,2.968254313437468,4.6483780400460795,0.5895894195389724,0.9105735553385537,3,Cụm 4: Trung niên - Béo bụng & Nguy cơ tiềm ẩn
43.961909213470406,163.12259727099297,95.075817153813,33.92693872845834,105.94823307371864,107.08156973886156,12.570919014934262,140.3674126479852,83.93888031657104,139.8184864304384,17.777785429742586,5.573932766792906,3.4036084150431427,0.967471773629429,2.249881167695739,1,0,0,6.137439631781999,4.606460993163477,1.0226732580435176,3.518044151587649,5.761338902821459,0.6495006507143123,0.9894161369887762,3,Cụm 4: Trung niên - Béo bụng & Nguy cơ tiềm ẩn
48.3958614525854,172.0741859695931,87.44115135417333,31.330205453229908,95.18102410184748,110.1060548812158,12.632915226024624,137.32841305037795,86.66156113335508,135.92724532563375,17.430740103489434,5.411442311355981,3.718764435289115,1.2365850856501843,2.583404317123071,1,0,1,5.85015428704783,4.1748572257057965,1.1742746896013958,3.007285530484807,4.376118048125009,0.5531394704297293,0.8644485919010568,3,Cụm 4: Trung niên - Béo bụng & Nguy cơ tiềm ẩn
44.23631641782059,169.8230958433349,91.8648661901899,31.0231216638786,104.99586344643306,113.3733646783569,10.600558435866091,135.47687960647676,85.0153330284799,133.48667572255212,20.505368196753462,6.006273563236676,3.53092840548465,0.960262614599398,2.204971808209782,0,0,1,6.75850230876929,5.046010948637278,1.002259912822628,3.6770445415681228,6.254823911625854,0.61826610170441,0.9261069718121976,3,Cụm 4: Trung niên - Béo bụng & Nguy cơ tiềm ẩn
44.287477587003785,164.22810700665084,94.70076006306226,31.754213062229624,99.94334364699702,111.56039184387376,14.471925872943885,129.75456996594662,81.7659374686794,149.37203537003688,16.88945947994657,4.6821945219010965,3.094839416375887,1.0325867402481084,2.419029553727782,0,0,1,6.229167750171318,3.649607781652988,1.0995588880580827,2.9971713714164716,4.534432158964259,0.6085641822745332,0.8958676282426963,3,Cụm 4: Trung niên - Béo bụng & Nguy cơ tiềm ẩn
42.96063804094736,160.94011721146654,90.43097717648142,33.86958781254107,109.87098080791388,108.58637492174428,12.727590758724745,130.38917065243584,89.13050249680664,130.3194618684661,18.234531789849143,5.64073163392538,4.095556975003667,0.930929438910576,1.8224445187116345,0,0,0,5.867442889571798,4.709802195014804,0.828383872141652,4.39942793064586,6.059247240614144,0.6826823710060395,1.0118302677209308,3,Cụm 4: Trung niên - Béo bụng & Nguy cơ tiềm ẩn
46.79070664725588,154.26162015829195,92.87274456070566,32.39116144643004,108.3709257346758,111.82936561716318,13.20960255653685,139.823285073835,93.3241425270604,132.22246807654477,18.246482175611348,5.601254304640255,3.429432593293394,1.1696716368650928,2.2094403598234424,1,0,1,5.957024461664234,4.431582667775162,1.0042910726470191,2.9319618303174573,4.788740812466406,0.7025138568068552,0.9690739559917829,3,Cụm 4: Trung niên - Béo bụng & Nguy cơ tiềm ẩn
46.40940770143265,170.44755033109786,88.01689178056213,31.303178558088604,107.28334843688128,113.79093916254648,13.819859724688852,137.70707051757398,85.89046010658367,148.98487311543312,17.14051798622611,4.859317406690538,3.7326172213997046,1.1619615447673752,1.8956579202572328,0,0,1,6.3053775242239425,3.697355861923163,0.8616626910260148,3.2123414395327297,4.18199503122401,0.6294214743977322,0.9428109937965331,3,Cụm 4: Trung niên - Béo bụng & Nguy cơ tiềm ẩn
41.24296813751136,157.04638060046562,89.6167070828595,32.82581497678206,110.97352179505783,102.73273488569008,11.45260505092764,134.02441216280104,82.03976098592399,129.219570866051,15.399155276080975,5.552496667765606,3.3044856699268315,1.1407964544176363,1.8007687681170246,1,0,0,4.913264781419429,4.41170021334797,0.818531258235011,2.8966479139468695,4.867210663448365,0.7066289676384226,1.0802157843703588,3,Cụm 4: Trung niên - Béo bụng & Nguy cơ tiềm ẩn
39.1622584162037,168.66740939608917,89.56974284559828,30.446561775245367,102.32879217711309,115.5687962598236,13.246166278842274,132.3194070440535,79.78263816231284,131.1931930194442,18.790035379084514,5.31765073705918,3.510007773411635,1.0548906766395307,1.9851571481352408,0,0,0,6.086727748964001,4.26276006041965,0.9023441582432912,3.3273663813136993,5.0409496024736296,0.6066897721587093,0.8854361686614428,3,Cụm 4: Trung niên - Béo bụng & Nguy cơ tiềm ẩn
42.51105808781303,166.15586248742426,86.8661482672988,33.12203926566443,111.76577119270446,109.58748104527572,12.356830690921448,125.0838645709988,86.10691593427413,134.01482203598405,18.02207842813841,5.120383309016307,3.6018405513555214,1.0393319495876032,2.4679748336033933,0,0,0,5.9635200821370775,4.081051359428704,1.1218067425469969,3.4655343298016543,4.926610127830695,0.6726562007474375,1.0198771805561329,3,Cụm 4: Trung niên - Béo bụng & Nguy cơ tiềm ẩn
40.71988430680706,172.75399942806737,89.71516918442107,32.71291096155265,108.91267047491137,112.63445973296092,13.694124930259791,129.38116411592,89.0675707016069,140.92914137490683,19.14456731072232,4.9116225795598005,3.7154584135262767,1.235724383625589,2.4075039571674117,0,0,0,6.661796131096804,3.6758981959342116,1.0943199805306416,3.0067047820365906,3.974690994725867,0.6304494879162624,0.9669569218259372,3,Cụm 4: Trung niên - Béo bụng & Nguy cơ tiềm ẩn
42.92942627615393,165.88568150357096,82.85594850568125,31.638287293291675,104.8220564947337,115.72148769458092,10.125327095578209,142.80138589212874,86.86708711273383,136.4986175514732,17.076885758970842,4.948311691992785,3.667210491613468,1.1139337681949817,2.2307511805136,0,1,1,5.755484686873975,3.8343779237978035,1.0139778093243637,3.292126153564602,4.4421956073842965,0.6318933348836212,0.9058132468136458,3,Cụm 4: Trung niên - Béo bụng & Nguy cơ tiềm ẩn
46.83231440405241,165.69386549557035,88.14327126428947,30.842121302329154,109.62467051514032,105.44580521107814,12.559086839710478,128.43794993048888,85.19558655678401,125.99562256993414,20.585728969475277,5.917434233525074,3.611659100021893,1.2179629985843372,1.7868248600275172,0,1,0,6.4042265125060895,4.699471234940737,0.8121931181943259,2.965327439519753,4.858467983348448,0.6616097113026252,1.0396304556231237,3,Cụm 4: Trung niên - Béo bụng & Nguy cơ tiềm ẩn
41.74809503473963,173.12309493001806,89.17466253315163,30.76997861657481,101.77797270655928,108.09473599028982,11.954615213059247,135.05265919549484,83.14154921873742,131.31882005810965,16.390538809425486,5.200238986635119,3.255473980641768,1.073770157665093,2.120929837153016,1,0,1,5.314533868075082,4.126468828970026,0.9640590168877345,3.0318164063348316,4.842972166355422,0.5878936761597361,0.9415627113951416,3,Cụm 4: Trung niên - Béo bụng & Nguy cơ tiềm ẩn
42.99152985606527,170.34540620358882,89.3181412375231,32.902226004518866,102.76420043465316,109.7783052164972,13.196715540760987,138.73349787937838,81.38142728548668,130.7925189675145,21.56816693988496,5.473745500536011,3.1784761874131817,1.2017275291325298,2.2454250022254336,1,0,1,6.965320700196107,4.272017971403481,1.0206477282842878,2.644922505609548,4.554897318934891,0.6032695728338822,0.9361066399411859,3,Cụm 4: Trung niên - Béo bụng & Nguy cơ tiềm ẩn
43.29406820442518,170.21309170027945,89.3915527706461,33.94347075373359,103.51993596866106,107.79748591550228,13.242053024841844,128.55284799398967,88.12562964213708,134.50345268343867,14.648813352192654,4.923185216416357,3.4497822530972595,1.3363933644779276,2.213884057394649,0,0,0,4.864977712555974,3.5867918519384294,1.006310935179386,2.5814122883234636,3.683934197278537,0.6081784599209598,0.960318648338476,3,Cụm 4: Trung niên - Béo bụng & Nguy cơ tiềm ẩn
45.66529264661585,171.28487312865968,90.29021900069934,31.14403837945681,103.79857802177597,117.87224630334724,11.828848926213569,135.03119713651486,88.40220067484954,138.02490561040878,19.01362650096296,4.927051468822427,3.6299384217023207,1.250339896047134,1.7090516041298134,1,0,1,6.479886427424641,3.676711572775293,0.7768416382408242,2.903161318916663,3.9405696678151045,0.6059996783475926,0.8806023578667337,3,Cụm 4: Trung niên - Béo bụng & Nguy cơ tiềm ẩn
36.37933199804618,157.25099513755026,92.9962475904303,32.787580055327226,101.95204825033912,107.50541162469284,11.82339136298875,138.42061991879794,79.79394574658242,137.9714402912158,19.094947736902423,5.57869468323748,3.283183789767018,1.1305103418140223,1.947420537995032,1,0,0,6.505080102582516,4.448184341423458,0.8851911536341054,2.904160774415213,4.934669305444725,0.6483396061256073,0.9483434062487867,3,Cụm 4: Trung niên - Béo bụng & Nguy cơ tiềm ẩn
41.29989911570411,173.29752075990888,94.9716253706626,28.969459472096897,109.93079073483364,108.71031288205252,12.545201557731206,134.25624694858263,90.76843642363238,122.61191772166116,16.552972235967413,4.727648325956964,3.669551589714316,1.210863876442711,2.1539805589628207,1,0,1,5.011337456408341,3.516784449514253,0.9790820722558276,3.030523629538577,3.9043598689605803,0.6343471634954014,1.011226881980418,3,Cụm 4: Trung niên - Béo bụng & Nguy cơ tiềm ẩn
43.753851076838416,172.28728155809523,87.35021386575865,31.2230734040142,104.7440095987056,111.7500561264119,11.602029327221752,147.10781375050044,87.213249273129,142.49158691292598,18.9928742475712,5.054675181233155,3.785785023645854,1.1511201790563743,2.3040727273792974,0,0,0,6.6822834359853465,3.903555002176781,1.047305785172408,3.288783475891487,4.391092496855283,0.6079613576315321,0.9373061028284313,3,Cụm 4: Trung niên - Béo bụng & Nguy cơ tiềm ẩn
46.72023686928058,160.88321809996452,84.58303572305427,32.05341160069365,106.88376738924909,106.12390189569564,13.688380434542552,126.6913033350481,90.10258125801028,136.81198192197635,20.703123711369493,5.211909593875282,3.075103724277974,1.1809456221633674,1.6209680447250134,0,0,1,6.993667622045242,4.030963971711914,0.7368036566931878,2.6039333789516146,4.413335801463589,0.6643562246674917,1.007160172967446,3,Cụm 4: Trung niên - Béo bụng & Nguy cơ tiềm ẩn
41.64429265748138,166.2914366842806,85.38881793878447,30.73547487452725,103.65377021755212,109.34977715297497,12.234951359463066,138.96427838447744,80.5065528803021,144.73572433315732,13.710448693141048,5.238980410644018,3.098923788861116,1.1409266737421797,2.1294690061300354,0,0,0,4.8997326482329875,4.098053736901838,0.9679404573318342,2.7161463222669764,4.591864254922218,0.6233259648501818,0.9479102099361902,3,Cụm 4: Trung niên - Béo bụng & Nguy cơ tiềm ẩn
37.49034188187437,167.7248489866066,88.16302539402535,30.69524043781561,99.2778884480802,112.20231304500072,9.189614136814033,133.4223921817159,80.42361545604595,138.15338829103467,19.149575986830808,5.137317350244346,3.307887482328399,1.160279775293753,2.205762192469738,1,0,0,6.532293350413111,3.977037574950593,1.0026191783953353,2.850939534381634,4.427653967288802,0.5919092433107982,0.8848114245939213,3,Cụm 4: Trung niên - Béo bụng & Nguy cơ tiềm ẩn
44.97913433789841,167.05852250918787,88.83943341091744,31.098330665296672,106.59520075436998,109.60105838246996,12.228213532053834,137.67364069676503,84.68260741581446,142.7532607041503,13.157544731189022,5.3385369233835736,3.442283800456759,1.205451202368901,2.382402997129053,0,0,1,4.63773435367394,4.133085721014672,1.0829104532404785,2.8555977991412096,4.4286628217654185,0.6380710133989571,0.9725745565557353,3,Cụm 4: Trung niên - Béo bụng & Nguy cơ tiềm ẩn
41.21391283352311,170.33701976597973,86.7490596690127,32.53828909248956,98.9571075860308,110.55895256440022,11.431747414987234,136.1858821826466,86.96374549413318,138.30981718015087,16.212756764802762,5.442499514536234,3.1926298958698847,1.0607969560501658,2.343214396059359,0,0,0,5.5367491953731465,4.381702558486068,1.065097452754254,3.0096522031487645,5.130576104593247,0.5809489195125324,0.895061913040363,3,Cụm 4: Trung niên - Béo bụng & Nguy cơ tiềm ẩn
39.551000022728914,178.0195674728183,84.11845667875052,31.81900647239044,105.40978083870088,108.81517155020651,10.720469021446869,130.900797113005,91.49126288024436,144.46758029341922,21.402419101651063,5.457123140910766,3.755660803660144,1.0580945407612026,2.315642829702201,0,0,0,7.634458518620208,4.399028600149563,1.0525649225919096,3.5494567441566125,5.157500516905477,0.5921246879492381,0.9687048169571243,3,Cụm 4: Trung niên - Béo bụng & Nguy cơ tiềm ẩn
41.24696383086032,175.5723670937098,88.31843586262904,28.742653150012544,100.86089736408516,104.87461876327694,11.193088034132916,135.230483766067,87.67527619835295,138.69975445212444,16.98052230506507,4.854968666966261,3.4772200584555355,1.013374893540255,1.9700148733245164,0,0,0,5.815294504151475,3.8415937734260064,0.8954613060565983,3.4313264327160953,4.790891009747918,0.5744690866430694,0.9617283815042841,3,Cụm 4: Trung niên - Béo bụng & Nguy cơ tiềm ẩn
42.566423927032446,158.81446564598016,91.50617310056984,28.9189497710474,112.60546599730785,112.21887284535696,12.809290166199563,125.8394434687077,84.35461553115788,134.35859327489965,15.796326443031232,5.100545715724921,3.361834114472222,0.9879674674595548,1.692999465719173,1,0,1,5.240425184683396,4.1125782482653666,0.7695452116905331,3.402778153330082,5.162665658253293,0.7090378419829924,1.003444992291837,3,Cụm 4: Trung niên - Béo bụng & Nguy cơ tiềm ẩn
